sample, thread_id, device, powermode, p_cycles, p_time, p_energy, e_cycles, e_time, e_energy, items
0,0,"Mac13,2",high,2415948796.0,0.812327375,3.332243069,381784236.0,0.184973041,0.053993039,356930
0,1,"Mac13,2",high,2457932298.0,0.824916208,3.402505054,388739436.0,0.188343,0.055024861,366812
0,2,"Mac13,2",high,2455828188.0,0.827673375,3.398336925,376089163.0,0.18221325,0.053256392,367344
0,3,"Mac13,2",high,2412055915.0,0.811358625,3.334637734,392059888.0,0.189951083,0.055508501,356900
0,4,"Mac13,2",high,2409892500.0,0.809770041,3.346993893,399185125.0,0.193403791,0.056519224,356982
0,5,"Mac13,2",high,2400101295.0,0.811254291,3.302801215,374957793.0,0.181665708,0.053099879,356202
0,6,"Mac13,2",high,2426598970.0,0.813123458,3.360990133,402451182.0,0.194986291,0.056159379,361820
0,7,"Mac13,2",high,2453827926.0,0.825395333,3.399539752,391784666.0,0.189818291,0.05551754,366300
0,8,"Mac13,2",high,2405502605.0,0.808287625,3.319310197,394985692.0,0.191370083,0.055862412,349786
0,9,"Mac13,2",high,2431005301.0,0.815405333,3.378703039,374995161.0,0.181683333,0.053083754,361002
0,10,"Mac13,2",high,2457626143.0,0.826849166,3.41127011,385019000.0,0.186540625,0.054554298,366416
0,11,"Mac13,2",high,2393027063.0,0.803349541,3.31477066,393696975.0,0.190744291,0.055756346,356034
0,12,"Mac13,2",high,2465539353.0,0.829981,3.373081089,376439360.0,0.1823835,0.053030584,361328
0,13,"Mac13,2",high,2433296025.0,0.819697916,3.301437323,374707088.0,0.181544166,0.052565583,348592
0,14,"Mac13,2",high,2449305390.0,0.822190708,3.353961052,373176054.0,0.180802333,0.052519947,358430
0,15,"Mac13,2",high,2400983023.0,0.800739958,3.327811531,376243248.0,0.182288958,0.053297475,357348
0,16,"Mac13,2",high,2427084065.0,0.811926666,3.356567408,399565575.0,0.193588416,0.056530424,360368
0,17,"Mac13,2",high,2429957447.0,0.809012583,3.379373404,411971985.0,0.199599208,0.058341762,362490
0,18,"Mac13,2",high,2424426951.0,0.814699708,3.354624707,388970529.0,0.188465375,0.055087746,358292
0,19,"Mac13,2",high,2409382516.0,0.807316958,3.328557762,398524872.0,0.193083958,0.056364321,356480
1,0,"Mac13,2",high,2515092376.0,0.828433958,3.536632233,370738300.0,0.1796215,0.052358744,366308
1,1,"Mac13,2",high,2487201753.0,0.819237333,3.492731767,370329933.0,0.179423291,0.052268841,360164
1,2,"Mac13,2",high,2489065676.0,0.819851916,3.489181813,369473066.0,0.179008916,0.052249794,358448
1,3,"Mac13,2",high,2470508335.0,0.813739,3.469756863,370579955.0,0.179544583,0.052376237,365212
1,4,"Mac13,2",high,2527393408.0,0.832479083,3.556843543,371174819.0,0.179832666,0.052502813,371068
1,5,"Mac13,2",high,2522000160.0,0.830699125,3.548363152,385271865.0,0.186677458,0.054415167,370090
1,6,"Mac13,2",high,2379931108.0,0.78390425,3.345752005,387193677.0,0.187594166,0.055509669,347028
1,7,"Mac13,2",high,2500049542.0,0.823469125,3.514006162,378387955.0,0.183328125,0.053502076,362570
1,8,"Mac13,2",high,2450261716.0,0.807070708,3.430246525,392247248.0,0.190041916,0.055421209,369396
1,9,"Mac13,2",high,2507294934.0,0.825856208,3.509550685,371783534.0,0.180127541,0.052518158,367490
1,10,"Mac13,2",high,2572305334.0,0.847268833,3.614149699,351141616.0,0.170126833,0.04960895,369006
1,11,"Mac13,2",high,2516018740.0,0.828728833,3.532604419,370942125.0,0.179720583,0.052477148,369698
1,12,"Mac13,2",high,2468915983.0,0.813217833,3.462798024,355920512.0,0.1724425,0.050036071,361734
1,13,"Mac13,2",high,2434222903.0,0.801786541,3.379080201,385273658.0,0.186663916,0.053914704,350426
1,14,"Mac13,2",high,2472805537.0,0.814501416,3.427572831,374670941.0,0.1815265,0.052713229,360486
1,15,"Mac13,2",high,2517571037.0,0.829240541,3.542862238,386872589.0,0.187438333,0.054683856,366314
1,16,"Mac13,2",high,2441960898.0,0.804336291,3.430109846,412242926.0,0.199729708,0.058305818,358838
1,17,"Mac13,2",high,2525178805.0,0.831746916,3.539012963,351888650.0,0.170488625,0.04973469,366022
1,18,"Mac13,2",high,2586131661.0,0.851830125,3.623577177,311629815.0,0.150983458,0.044031776,375848
1,19,"Mac13,2",high,2509460106.0,0.826569041,3.524841199,359783556.0,0.1743145,0.050829731,367028
2,0,"Mac13,2",high,2555834576.0,0.841843833,3.589590704,371219527.0,0.179854416,0.052463046,365828
2,1,"Mac13,2",high,2522404723.0,0.830832666,3.549340858,371114413.0,0.179803583,0.052460382,360164
2,2,"Mac13,2",high,2499179730.0,0.823186666,3.504118551,373391351.0,0.180907,0.052747215,361460
2,3,"Mac13,2",high,2567822946.0,0.845792125,3.617560495,377222240.0,0.182762583,0.05333656,364470
2,4,"Mac13,2",high,2545274116.0,0.838365166,3.584775413,371928429.0,0.180198083,0.052578654,362576
2,5,"Mac13,2",high,2562533372.0,0.844050041,3.603898395,371873877.0,0.180171625,0.052576585,364206
2,6,"Mac13,2",high,2583524123.0,0.85097125,3.622673752,352775208.0,0.170918708,0.049532978,371840
2,7,"Mac13,2",high,2548725578.0,0.839505708,3.591765481,379368240.0,0.183803166,0.053624894,362938
2,8,"Mac13,2",high,2574482652.0,0.847986708,3.612607154,355926053.0,0.172444791,0.050238693,367190
2,9,"Mac13,2",high,2597219482.0,0.855475625,3.638130871,355792204.0,0.17238,0.050259757,364436
2,10,"Mac13,2",high,2454438105.0,0.80844575,3.451068123,391812008.0,0.1898315,0.055379737,355526
2,11,"Mac13,2",high,2607125840.0,0.858753083,3.659057464,350418159.0,0.169776375,0.049500625,366446
2,12,"Mac13,2",high,2547089854.0,0.838963541,3.541124476,371673866.0,0.18007475,0.052311116,361394
2,13,"Mac13,2",high,2531906397.0,0.833962541,3.486668761,391355220.0,0.18961025,0.054869633,367108
2,14,"Mac13,2",high,2537838511.0,0.835916291,3.517297089,390336838.0,0.18911725,0.054988518,359942
2,15,"Mac13,2",high,2512041982.0,0.827419958,3.51646695,377646493.0,0.182968916,0.053342083,361096
2,16,"Mac13,2",high,2609984559.0,0.859679333,3.67804016,352589189.0,0.170828208,0.049400347,371070
2,17,"Mac13,2",high,2453138164.0,0.808017916,3.449622664,392974936.0,0.1903945,0.055343085,356546
2,18,"Mac13,2",high,2591575176.0,0.853616375,3.636073613,370751328.0,0.179627541,0.052397925,363300
2,19,"Mac13,2",high,2533507533.0,0.834489875,3.555360853,383273577.0,0.185695833,0.054182198,363800
3,0,"Mac13,2",high,2623550553.0,0.8641485,3.679591525,355237086.0,0.172111416,0.050199782,379842
3,1,"Mac13,2",high,2595274157.0,0.854835166,3.636677479,371733256.0,0.180103625,0.052461375,374532
3,2,"Mac13,2",high,2526378353.0,0.832141875,3.551454902,396653743.0,0.192177791,0.056036487,358480
3,3,"Mac13,2",high,2521245896.0,0.830456041,3.537803045,392355898.0,0.190095458,0.055448704,360868
3,4,"Mac13,2",high,2633703271.0,0.867496291,3.70122733,361536693.0,0.1751635,0.051089188,382150
3,5,"Mac13,2",high,2578114045.0,0.849186583,3.62041478,354826570.0,0.17191225,0.049877381,370992
3,6,"Mac13,2",high,2605804528.0,0.858303333,3.659721563,356232201.0,0.172593583,0.050550986,366692
3,7,"Mac13,2",high,2561212365.0,0.843615166,3.601181703,391960716.0,0.18990375,0.055418249,376162
3,8,"Mac13,2",high,2582247351.0,0.850543541,3.632704805,383605195.0,0.185855791,0.054185375,363338
3,9,"Mac13,2",high,2526971570.0,0.832337083,3.549316953,366922516.0,0.177772625,0.051829034,372750
3,10,"Mac13,2",high,2578989349.0,0.849475041,3.616109122,371134685.0,0.17981325,0.052410401,374964
3,11,"Mac13,2",high,2583235145.0,0.850869083,3.635575259,371600883.0,0.180039333,0.052531811,377418
3,12,"Mac13,2",high,2583167357.0,0.8508465,3.609473494,370517135.0,0.179513791,0.052100924,363380
3,13,"Mac13,2",high,2597442533.0,0.855552625,3.614640524,357944998.0,0.173422666,0.050100255,370124
3,14,"Mac13,2",high,2544995756.0,0.838273541,3.556607375,385086039.0,0.186572833,0.054114249,362024
3,15,"Mac13,2",high,2552454834.0,0.840731208,3.577094427,371961150.0,0.180214291,0.052474715,362922
3,16,"Mac13,2",high,2617793960.0,0.862252125,3.67492218,388845712.0,0.188394458,0.055385007,382392
3,17,"Mac13,2",high,2621868538.0,0.86359425,3.682771754,351294686.0,0.170200916,0.04959608,376100
3,18,"Mac13,2",high,2532175689.0,0.834051375,3.554641877,384258748.0,0.186172083,0.054306903,376932
3,19,"Mac13,2",high,2571958871.0,0.847154833,3.615024524,381197528.0,0.184689291,0.0538638,372320
4,0,"Mac13,2",high,2566015476.0,0.845197583,3.602158628,391911707.0,0.189880166,0.055339374,368424
4,1,"Mac13,2",high,2559706171.0,0.843118958,3.602785178,377193904.0,0.182749666,0.053251594,370550
4,2,"Mac13,2",high,2583942195.0,0.85110175,3.634187057,382841970.0,0.185485625,0.054060062,380504
4,3,"Mac13,2",high,2564223153.0,0.844606625,3.612832078,391333577.0,0.189600208,0.055203119,378310
4,4,"Mac13,2",high,2509763736.0,0.826669541,3.52525166,410259975.0,0.198769791,0.057843764,362814
4,5,"Mac13,2",high,2556630078.0,0.842106416,3.582933069,370972208.0,0.179734125,0.052545973,371016
4,6,"Mac13,2",high,2591651648.0,0.853641708,3.636732217,379793866.0,0.184008875,0.05373311,382788
4,7,"Mac13,2",high,2555301662.0,0.8416685,3.595179007,391242444.0,0.189555875,0.055265043,367320
4,8,"Mac13,2",high,2571571514.0,0.847028208,3.603663994,373322782.0,0.180893041,0.052715154,381538
4,9,"Mac13,2",high,2562516117.0,0.844045291,3.591441503,405427732.0,0.196428041,0.057257,367898
4,10,"Mac13,2",high,2580691696.0,0.850033583,3.62617008,391530623.0,0.189695041,0.055357652,371148
4,11,"Mac13,2",high,2575605337.0,0.848356,3.621578814,401258884.0,0.194409083,0.056655251,369374
4,12,"Mac13,2",high,2577898638.0,0.849114291,3.592672274,392136286.0,0.189988291,0.055132841,376072
4,13,"Mac13,2",high,2547116876.0,0.83898375,3.516885173,412409806.0,0.199811333,0.057894861,356986
4,14,"Mac13,2",high,2600722671.0,0.856629333,3.621333944,391970634.0,0.189908416,0.055194182,374854
4,15,"Mac13,2",high,2617637499.0,0.862200708,3.680888158,370141987.0,0.179332458,0.0522343,384168
4,16,"Mac13,2",high,2566609710.0,0.845392875,3.611473983,391234031.0,0.189552125,0.055267286,367544
4,17,"Mac13,2",high,2589954576.0,0.853082666,3.639695062,391581742.0,0.189719708,0.05537469,373178
4,18,"Mac13,2",high,2604146176.0,0.857757541,3.647435558,357196400.0,0.1730605,0.050367322,367584
4,19,"Mac13,2",high,2596097599.0,0.855105541,3.648268784,370452285.0,0.179483416,0.052352291,374180
5,0,"Mac13,2",high,2453685357.0,0.80819875,3.439268536,412657756.0,0.19993125,0.05840938,353824
5,1,"Mac13,2",high,2469861003.0,0.813526625,3.464191034,371287008.0,0.179887,0.052557242,356150
5,2,"Mac13,2",high,2511309982.0,0.827181833,3.526962959,368536343.0,0.178555,0.052098258,362090
5,3,"Mac13,2",high,2480673753.0,0.817087,3.490940761,370926754.0,0.179712791,0.0524849,358122
5,4,"Mac13,2",high,2546707982.0,0.83883775,3.57443905,360720807.0,0.174768041,0.05102337,360388
5,5,"Mac13,2",high,2334349972.0,0.768891333,3.278426211,424651008.0,0.205742125,0.059992513,344354
5,6,"Mac13,2",high,2556501492.0,0.84206325,3.604796148,350770948.0,0.16994775,0.049637207,362330
5,7,"Mac13,2",high,2563763266.0,0.844455708,3.601274739,322627416.0,0.156312208,0.045572098,360980
5,8,"Mac13,2",high,2516916997.0,0.829025583,3.530240155,371104753.0,0.179798666,0.052427098,359514
5,9,"Mac13,2",high,2512097227.0,0.827437416,3.533966701,354112907.0,0.171566583,0.05002792,359352
5,10,"Mac13,2",high,2488003203.0,0.819511583,3.500771945,368680330.0,0.178623958,0.052006434,355136
5,11,"Mac13,2",high,2476740841.0,0.815791833,3.484118179,389264210.0,0.188597083,0.05498211,356642
5,12,"Mac13,2",high,2570299296.0,0.84660825,3.589627941,328790882.0,0.159298,0.046262733,362990
5,13,"Mac13,2",high,2511342837.0,0.827193208,3.468263823,349955284.0,0.169551583,0.049051863,355436
5,14,"Mac13,2",high,2510432828.0,0.826892875,3.493257341,358685799.0,0.173802375,0.050381442,360512
5,15,"Mac13,2",high,2515012235.0,0.828398625,3.521677856,367353199.0,0.177981666,0.051896155,360030
5,16,"Mac13,2",high,2481433471.0,0.817337625,3.495018115,370408433.0,0.179462083,0.052352857,356016
5,17,"Mac13,2",high,2468694478.0,0.813141791,3.459837038,372367189.0,0.180410583,0.052618588,355774
5,18,"Mac13,2",high,2540285778.0,0.836722791,3.570676152,358660749.0,0.173770333,0.050640921,367282
5,19,"Mac13,2",high,2454568534.0,0.808489041,3.446934809,362582408.0,0.175671291,0.051093378,353134
6,0,"Mac13,2",high,2450930645.0,0.807290208,3.452181489,360214594.0,0.174522958,0.050511972,352212
6,1,"Mac13,2",high,2561210614.0,0.843614958,3.588458893,304290075.0,0.147427416,0.042886309,358704
6,2,"Mac13,2",high,2411831654.0,0.794420791,3.385800747,372627422.0,0.180537083,0.052534889,346636
6,3,"Mac13,2",high,2497016319.0,0.822470333,3.515693196,287363878.0,0.139244,0.040245212,355598
6,4,"Mac13,2",high,2486324241.0,0.818949458,3.477707927,299596014.0,0.145153875,0.042322785,352830
6,5,"Mac13,2",high,2553210631.0,0.840982791,3.594971727,339851684.0,0.164656916,0.04770337,361106
6,6,"Mac13,2",high,2474379789.0,0.815014791,3.475822887,297847188.0,0.144305875,0.042060432,352034
6,7,"Mac13,2",high,2445163505.0,0.805393083,3.421988005,334153286.0,0.16189625,0.047164376,351976
6,8,"Mac13,2",high,2519253602.0,0.829795333,3.527542708,324558600.0,0.157247541,0.04586877,355796
6,9,"Mac13,2",high,2425069002.0,0.798772958,3.390980201,354510864.0,0.171759458,0.050014132,348872
6,10,"Mac13,2",high,2442832703.0,0.804623041,3.439229065,363805863.0,0.176262791,0.05133458,351436
6,11,"Mac13,2",high,2509247926.0,0.826499583,3.519513905,337007772.0,0.16327925,0.047667991,367366
6,12,"Mac13,2",high,2496994696.0,0.822467125,3.472819364,344080333.0,0.16670575,0.048386186,353728
6,13,"Mac13,2",high,2429511635.0,0.800235458,3.35575125,359761678.0,0.174303208,0.050470316,345300
6,14,"Mac13,2",high,2449310294.0,0.806760916,3.409787194,349153417.0,0.16916375,0.049081896,349682
6,15,"Mac13,2",high,2460420729.0,0.810416833,3.454273087,358850387.0,0.173861875,0.050603262,351891
6,16,"Mac13,2",high,2486244006.0,0.818921875,3.493766351,328847914.0,0.159326125,0.046367584,352618
6,17,"Mac13,2",high,2449389029.0,0.806783583,3.428793685,323002353.0,0.156494083,0.045612185,349430
6,18,"Mac13,2",high,2557938707.0,0.842537083,3.58756612,305061842.0,0.147801291,0.04301573,369112
6,19,"Mac13,2",high,2532091770.0,0.834023375,3.554794621,315095079.0,0.152662375,0.044391828,359456
7,0,"Mac13,2",high,2568456396.0,0.846001666,3.607260004,383559967.0,0.185833708,0.054228632,378600
7,1,"Mac13,2",high,2522402374.0,0.830831916,3.543934482,374298085.0,0.1813465,0.05287258,376966
7,2,"Mac13,2",high,2575802029.0,0.84842125,3.621426821,380298231.0,0.184253166,0.053748094,363500
7,3,"Mac13,2",high,2633912112.0,0.8675615,3.697492535,371510514.0,0.179996125,0.052415006,381844
7,4,"Mac13,2",high,2566617728.0,0.845396416,3.598829509,397616665.0,0.192644666,0.056089527,381450
7,5,"Mac13,2",high,2549446373.0,0.839739666,3.593218694,384256377.0,0.186170458,0.054307918,366126
7,6,"Mac13,2",high,2605885233.0,0.858330625,3.64769356,365984387.0,0.177318166,0.051733738,385858
7,7,"Mac13,2",high,2604248259.0,0.857793708,3.671446334,371714113.0,0.180094833,0.052539831,384164
7,8,"Mac13,2",high,2583330091.0,0.8509005,3.636387446,379217325.0,0.18372975,0.053621614,381178
7,9,"Mac13,2",high,2617103290.0,0.862025541,3.675026172,341889488.0,0.165644791,0.048275772,380058
7,10,"Mac13,2",high,2625590880.0,0.864819958,3.704548146,370241199.0,0.179380458,0.052264016,385598
7,11,"Mac13,2",high,2582885796.0,0.850754125,3.629628186,380113586.0,0.184164291,0.053724817,371898
7,12,"Mac13,2",high,2541935750.0,0.837278375,3.529877969,412029090.0,0.199627625,0.05795189,363532
7,13,"Mac13,2",high,2563840413.0,0.84448175,3.54429288,393906246.0,0.190846625,0.055293061,373320
7,14,"Mac13,2",high,2593302616.0,0.854185,3.614625382,374804989.0,0.181591791,0.052734029,365248
7,15,"Mac13,2",high,2578612540.0,0.849346916,3.616909318,379720858.0,0.183973666,0.053673852,377931
7,16,"Mac13,2",high,2595055424.0,0.85476925,3.651987622,371442062.0,0.17996275,0.052457662,384206
7,17,"Mac13,2",high,2520226702.0,0.830118958,3.537913067,371047378.0,0.179771375,0.052395503,358796
7,18,"Mac13,2",high,2515561703.0,0.828582583,3.531999533,385729022.0,0.186884541,0.05442494,361712
7,19,"Mac13,2",high,2529118319.0,0.833043958,3.555984985,392245146.0,0.190040916,0.055386826,372850
8,0,"Mac13,2",high,2581664400.0,0.850351958,3.630406828,359243174.0,0.174052541,0.050805589,367794
8,1,"Mac13,2",high,2602516926.0,0.857220458,3.659886309,355855713.0,0.172410541,0.05036028,365872
8,2,"Mac13,2",high,2491928077.0,0.820795208,3.494017869,392183627.0,0.190011666,0.0554226,373100
8,3,"Mac13,2",high,2554998021.0,0.841569583,3.578048406,360035453.0,0.174435666,0.050875987,363878
8,4,"Mac13,2",high,2496532653.0,0.822311166,3.507009237,394778810.0,0.1912695,0.055710846,358662
8,5,"Mac13,2",high,2503056641.0,0.824460041,3.51683537,391124510.0,0.189498833,0.055345781,370584
8,6,"Mac13,2",high,2579688677.0,0.849702125,3.6113945,348382620.0,0.168790375,0.049234491,361806
8,7,"Mac13,2",high,2476047445.0,0.81556375,3.486550416,392449612.0,0.190140458,0.055383153,355486
8,8,"Mac13,2",high,2425674150.0,0.798971833,3.405004609,388197431.0,0.188080541,0.054872397,353744
8,9,"Mac13,2",high,2475396893.0,0.815349541,3.477290944,384139641.0,0.186114541,0.054306884,360282
8,10,"Mac13,2",high,2505856296.0,0.825382041,3.527509383,371199251.0,0.179845541,0.052462703,359482
8,11,"Mac13,2",high,2560562014.0,0.843401416,3.595589996,361468375.0,0.175130875,0.04938711,360626
8,12,"Mac13,2",high,2439307136.0,0.803462625,3.3967673,412879981.0,0.200039125,0.058138531,353124
8,13,"Mac13,2",high,2586141613.0,0.851826166,3.595539306,359625414.0,0.17423825,0.050473029,365414
8,14,"Mac13,2",high,2494958057.0,0.821792583,3.500346928,385533497.0,0.1867895,0.054364577,357690
8,15,"Mac13,2",high,2460413695.0,0.810414416,3.45851624,379026847.0,0.183637208,0.053596668,356242
8,16,"Mac13,2",high,2538876783.0,0.836258708,3.57293032,364929815.0,0.176806958,0.051582757,360608
8,17,"Mac13,2",high,2475977010.0,0.815540583,3.483690923,392523218.0,0.190176083,0.05551512,369844
8,18,"Mac13,2",high,2614259427.0,0.861088583,3.664264626,335585281.0,0.162590208,0.047470624,378524
8,19,"Mac13,2",high,2587770040.0,0.852366625,3.639990264,346895976.0,0.168070083,0.049010454,369344
9,0,"Mac13,2",high,2569378365.0,0.846305416,3.6123857,412343743.0,0.199779458,0.058341255,379008
9,1,"Mac13,2",high,2583666696.0,0.851012541,3.620898162,384209706.0,0.186148833,0.054261089,377480
9,2,"Mac13,2",high,2581343108.0,0.850246083,3.620324577,361987640.0,0.175381625,0.051134377,368084
9,3,"Mac13,2",high,2612848827.0,0.860625708,3.67689386,366999736.0,0.177828333,0.051910552,379398
9,4,"Mac13,2",high,2621703197.0,0.863540375,3.678645369,354661321.0,0.171832416,0.050104854,379872
9,5,"Mac13,2",high,2590509016.0,0.853265375,3.633773563,386757122.0,0.187382541,0.054607629,366802
9,6,"Mac13,2",high,2527984877.0,0.832671041,3.553373047,418209326.0,0.202621833,0.059048645,370782
9,7,"Mac13,2",high,2587664147.0,0.852333833,3.653616249,375989279.0,0.182165458,0.053194378,376552
9,8,"Mac13,2",high,2602698260.0,0.857281083,3.646284543,384474422.0,0.186276666,0.05437745,365606
9,9,"Mac13,2",high,2526709332.0,0.832251166,3.548828204,439615110.0,0.212992208,0.06211585,360632
9,10,"Mac13,2",high,2574142109.0,0.847874125,3.621086072,412045181.0,0.199634083,0.058236561,371228
9,11,"Mac13,2",high,2535481310.0,0.835140541,3.56111489,404907882.0,0.196176333,0.058858729,379338
9,12,"Mac13,2",high,2579132548.0,0.849518541,3.589300134,392248330.0,0.190043166,0.055135463,375488
9,13,"Mac13,2",high,2492137727.0,0.8208645,3.431708488,446100531.0,0.2161355,0.062570834,355614
9,14,"Mac13,2",high,2644535325.0,0.871062333,3.677932386,375070470.0,0.181720666,0.052765913,382882
9,15,"Mac13,2",high,2552264889.0,0.840668541,3.586837059,413004429.0,0.200099375,0.058504583,364500
9,16,"Mac13,2",high,2589607980.0,0.852967916,3.654683944,382934182.0,0.185531,0.054075709,379420
9,17,"Mac13,2",high,2628288056.0,0.865709,3.692524802,376259811.0,0.182296666,0.053104514,372410
9,18,"Mac13,2",high,2549009471.0,0.839596208,3.585556081,413000191.0,0.200097041,0.058493937,369106
9,19,"Mac13,2",high,2603639500.0,0.857590333,3.668955625,357278125.0,0.173100416,0.050524915,374318
10,0,"Mac13,2",high,2544076898.0,0.837978166,3.573452013,413019809.0,0.20010775,0.058439724,367626
10,1,"Mac13,2",high,2544485783.0,0.8381065,3.577642349,409066553.0,0.198192166,0.057877833,367372
10,2,"Mac13,2",high,2549209497.0,0.83966225,3.584910239,401940380.0,0.194738958,0.056828553,372906
10,3,"Mac13,2",high,2636301728.0,0.86835775,3.695255291,372202948.0,0.180330958,0.052611512,374852
10,4,"Mac13,2",high,2529172216.0,0.833062291,3.555525818,411933699.0,0.199580375,0.058228444,367700
10,5,"Mac13,2",high,2485193794.0,0.818576541,3.491086666,416968547.0,0.202019916,0.058951675,359269
10,6,"Mac13,2",high,2599215130.0,0.856136458,3.649358521,391811016.0,0.189831541,0.055490421,375674
10,7,"Mac13,2",high,2602372507.0,0.857172791,3.65710955,409634417.0,0.198467375,0.055356663,372974
10,8,"Mac13,2",high,2574335869.0,0.847937875,3.621624279,375553957.0,0.181955083,0.053124929,382830
10,9,"Mac13,2",high,2604416694.0,0.857846791,3.654172821,371729213.0,0.180101208,0.052586888,381304
10,10,"Mac13,2",high,2541088235.0,0.836992541,3.570207,412547203.0,0.199877791,0.058369597,374440
10,11,"Mac13,2",high,2601095804.0,0.856753041,3.644617512,391728022.0,0.189790916,0.055406202,367070
10,12,"Mac13,2",high,2585244686.0,0.851531708,3.587729115,412334370.0,0.199774666,0.058116755,362350
10,13,"Mac13,2",high,2581196173.0,0.850197875,3.576390254,408773685.0,0.198049583,0.057518872,361678
10,14,"Mac13,2",high,2584621023.0,0.851325583,3.606577011,391706546.0,0.189781,0.055221064,363376
10,15,"Mac13,2",high,2566309233.0,0.845296791,3.612409013,391100917.0,0.189487166,0.055342836,380826
10,16,"Mac13,2",high,2557541707.0,0.842406333,3.596430109,410081149.0,0.198683375,0.058014632,367030
10,17,"Mac13,2",high,2520573772.0,0.83023,3.551662957,428610822.0,0.207660541,0.060539975,367392
10,18,"Mac13,2",high,2596012571.0,0.855078458,3.645484003,398889043.0,0.193260583,0.056422518,372690
10,19,"Mac13,2",high,2626530788.0,0.865130166,3.70102407,384312854.0,0.186197958,0.054414667,379030
11,0,"Mac13,2",high,2505910942.0,0.825400291,3.530983342,371657978.0,0.180066375,0.052551439,357040
11,1,"Mac13,2",high,2520236683.0,0.830119208,3.540000874,335480267.0,0.162539083,0.04736478,357720
11,2,"Mac13,2",high,2603263241.0,0.857466416,3.657252204,380836275.0,0.184513916,0.053784004,372474
11,3,"Mac13,2",high,2603167021.0,0.857434875,3.6547654,328948597.0,0.159374916,0.046415894,376160
11,4,"Mac13,2",high,2518537212.0,0.829559291,3.539930098,340274165.0,0.164862041,0.048095631,357296
11,5,"Mac13,2",high,2576404906.0,0.848619666,3.620753005,362030626.0,0.175425333,0.051182275,379941
11,6,"Mac13,2",high,2609174885.0,0.859413458,3.670896106,329211658.0,0.159501875,0.046449356,378886
11,7,"Mac13,2",high,2608581848.0,0.859221125,3.670063991,321108832.0,0.155576291,0.047911526,374504
11,8,"Mac13,2",high,2642147495.0,0.870273916,3.718152872,305137645.0,0.147838583,0.040851464,366072
11,9,"Mac13,2",high,2575611224.0,0.848358458,3.615439236,313889081.0,0.152078125,0.0444115,364882
11,10,"Mac13,2",high,2645549123.0,0.871397833,3.712055114,359592039.0,0.174221041,0.050897049,373268
11,11,"Mac13,2",high,2504444946.0,0.824917791,3.512481626,350774571.0,0.169949458,0.049608416,356058
11,12,"Mac13,2",high,2629929116.0,0.866249458,3.677742369,321275883.0,0.155657,0.044985808,381830
11,13,"Mac13,2",high,2595940394.0,0.855054416,3.596437313,331318213.0,0.16052275,0.046592615,380530
11,14,"Mac13,2",high,2648561972.0,0.872387458,3.680395325,324227056.0,0.157087541,0.045542319,385010
11,15,"Mac13,2",high,2587851448.0,0.852390083,3.636629165,351249289.0,0.170178958,0.049654124,367262
11,16,"Mac13,2",high,2530713051.0,0.833573083,3.558174086,370407284.0,0.179462,0.052417088,359780
11,17,"Mac13,2",high,2650731966.0,0.873104625,3.725723371,319545208.0,0.154819125,0.045123871,379828
11,18,"Mac13,2",high,2548824510.0,0.839535583,3.57797048,336412417.0,0.162991791,0.047518795,371734
11,19,"Mac13,2",high,2663394446.0,0.877272375,3.752027274,339069593.0,0.1642785,0.047992095,384770
12,0,"Mac13,2",high,2550509398.0,0.840089916,3.590700841,371835406.0,0.180153666,0.052623534,374326
12,1,"Mac13,2",high,2487349822.0,0.819298041,3.49684256,395805128.0,0.191766416,0.05599643,358420
12,2,"Mac13,2",high,2508322226.0,0.826194916,3.522297269,380019971.0,0.184118208,0.053673172,359960
12,3,"Mac13,2",high,2518809284.0,0.829648666,3.543743739,391422045.0,0.189643375,0.055366623,365858
12,4,"Mac13,2",high,2554384807.0,0.841367,3.58777065,361985089.0,0.175380125,0.05122447,371288
12,5,"Mac13,2",high,2545685212.0,0.838501333,3.579534207,370538667.0,0.179524666,0.052413183,362462
12,6,"Mac13,2",high,2544885669.0,0.838237958,3.577860222,391480572.0,0.189671041,0.055315324,364862
12,7,"Mac13,2",high,2518927180.0,0.829687958,3.535926355,371555092.0,0.1800175,0.052540503,369044
12,8,"Mac13,2",high,2530172233.0,0.833403916,3.554177668,378656684.0,0.183458958,0.055498983,373320
12,9,"Mac13,2",high,2504945766.0,0.825086041,3.525932065,384187344.0,0.1861375,0.054248482,359532
12,10,"Mac13,2",high,2573952214.0,0.8478115,3.622442465,342657491.0,0.166037875,0.048453782,375554
12,11,"Mac13,2",high,2546511780.0,0.838773916,3.57162654,350618484.0,0.169874083,0.049556603,376108
12,12,"Mac13,2",high,2475824128.0,0.815490375,3.448480681,400562210.0,0.194070875,0.05650549,357206
12,13,"Mac13,2",high,2547061062.0,0.838954958,3.519135047,401889255.0,0.194713916,0.05639605,356834
12,14,"Mac13,2",high,2557686405.0,0.842455416,3.551699667,373784984.0,0.181098041,0.052498785,359684
12,15,"Mac13,2",high,2509349422.0,0.826536458,3.518000604,391968475.0,0.189907291,0.055355238,356592
12,16,"Mac13,2",high,2568701899.0,0.846083333,3.601121195,372763164.0,0.180602541,0.052709694,379646
12,17,"Mac13,2",high,2489309041.0,0.819932125,3.505602469,379959357.0,0.184089208,0.053730595,357526
12,18,"Mac13,2",high,2583420933.0,0.850930916,3.626581745,370281400.0,0.179400333,0.052377394,362624
12,19,"Mac13,2",high,2598426204.0,0.855873,3.658317373,357727187.0,0.173317583,0.050567827,366356
13,0,"Mac13,2",high,2444128949.0,0.805050791,3.429113742,384009635.0,0.186051458,0.054237055,353978
13,1,"Mac13,2",high,2448670312.0,0.8065465,3.44103669,366368982.0,0.177504583,0.051694801,362539
13,2,"Mac13,2",high,2433329310.0,0.801493666,3.42090569,420688895.0,0.203822625,0.059474498,351586
13,3,"Mac13,2",high,2562266177.0,0.843962833,3.599086994,348206783.0,0.168704958,0.049205912,362012
13,4,"Mac13,2",high,2466678952.0,0.812478083,3.464192457,373101437.0,0.180766041,0.052674167,358214
13,5,"Mac13,2",high,2575901430.0,0.84845825,3.617757324,335789714.0,0.162689291,0.047472731,374280
13,6,"Mac13,2",high,2446268081.0,0.805754916,3.446071414,381322595.0,0.184749708,0.053877634,353862
13,7,"Mac13,2",high,2497985522.0,0.822789833,3.516198868,371589186.0,0.180033541,0.052442186,355778
13,8,"Mac13,2",high,2480038173.0,0.816878,3.49269145,371320954.0,0.179903416,0.052779738,359480
13,9,"Mac13,2",high,2442536174.0,0.804525791,3.439914461,412569290.0,0.199888416,0.058333779,353146
13,10,"Mac13,2",high,2523433118.0,0.831171875,3.552131203,351879420.0,0.170484458,0.049741804,359146
13,11,"Mac13,2",high,2446808520.0,0.805933625,3.43329911,392345016.0,0.190089875,0.055534988,355174
13,12,"Mac13,2",high,2490382448.0,0.820285458,3.462455254,370592899.0,0.179550791,0.05208211,352904
13,13,"Mac13,2",high,2466222181.0,0.812328041,3.39643637,392003597.0,0.18992425,0.054960937,350834
13,14,"Mac13,2",high,2479745926.0,0.816782541,3.446945497,365487204.0,0.177078458,0.051460235,354310
13,15,"Mac13,2",high,2552168679.0,0.840636875,3.613996653,329108310.0,0.159451875,0.046546375,374956
13,16,"Mac13,2",high,2472710184.0,0.814465333,3.461570729,391592266.0,0.189724791,0.055388269,357580
13,17,"Mac13,2",high,2510820272.0,0.827017958,3.530706719,363871977.0,0.176295416,0.051383517,362956
13,18,"Mac13,2",high,2492013245.0,0.820822875,3.500850398,356318586.0,0.172635666,0.049709594,354808
13,19,"Mac13,2",high,2420548818.0,0.797283666,3.410394069,388008144.0,0.187989,0.054830958,350714
14,0,"Mac13,2",high,2578075469.0,0.849170166,3.624702765,412540674.0,0.199875083,0.058378066,367440
14,1,"Mac13,2",high,2638554594.0,0.869091166,3.70231551,371497777.0,0.179989333,0.052553247,378107
14,2,"Mac13,2",high,2581963087.0,0.850450458,3.631368253,392532466.0,0.1901805,0.055543292,382304
14,3,"Mac13,2",high,2608307563.0,0.859127708,3.669144411,371288506.0,0.179888333,0.052541289,385722
14,4,"Mac13,2",high,2558297525.0,0.842658541,3.609169523,392234565.0,0.190035958,0.055427712,367786
14,5,"Mac13,2",high,2544248892.0,0.838029791,3.584007449,451249819.0,0.218628833,0.061399583,367848
14,6,"Mac13,2",high,2586916890.0,0.852091541,3.63379519,382614829.0,0.185375291,0.054143793,374856
14,7,"Mac13,2",high,2475854431.0,0.815500541,3.487271295,464861258.0,0.225223666,0.065749773,359450
14,8,"Mac13,2",high,2589421911.0,0.852907208,3.648695853,390658272.0,0.189272958,0.05516327,366408
14,9,"Mac13,2",high,2577925511.0,0.849120666,3.619434897,392587037.0,0.19020775,0.055517178,383414
14,10,"Mac13,2",high,2492853973.0,0.821099875,3.499807369,446393526.0,0.216276833,0.062017499,356874
14,11,"Mac13,2",high,2592462898.0,0.853909375,3.6402028,395904244.0,0.191815166,0.055902341,366798
14,12,"Mac13,2",high,2606024093.0,0.858376166,3.616949813,388069816.0,0.188018666,0.054564226,362356
14,13,"Mac13,2",high,2648945098.0,0.872522916,3.666512188,350720345.0,0.169923,0.049248349,378632
14,14,"Mac13,2",high,2643777173.0,0.870817416,3.681330135,391730266.0,0.189791833,0.055186304,383420
14,15,"Mac13,2",high,2638141836.0,0.868954625,3.721817688,349157329.0,0.169165416,0.0493167,373324
14,16,"Mac13,2",high,2651319073.0,0.873299083,3.727276212,370755169.0,0.179629875,0.052488414,382736
14,17,"Mac13,2",high,2593574566.0,0.85427575,3.637995299,391398885.0,0.189632041,0.055337108,377618
14,18,"Mac13,2",high,2548589467.0,0.83945825,3.577141205,416348372.0,0.201719333,0.059504082,383500
14,19,"Mac13,2",high,2497075667.0,0.822490791,3.50138135,422815322.0,0.204852541,0.059788774,372210
15,0,"Mac13,2",high,2504340870.0,0.824883458,3.525666196,378381909.0,0.183324291,0.0521706,357046
15,1,"Mac13,2",high,2556726977.0,0.842141708,3.588394087,384215170.0,0.186151166,0.054260898,368258
15,2,"Mac13,2",high,2537646412.0,0.835855208,3.574429585,382383025.0,0.185263833,0.054104659,361064
15,3,"Mac13,2",high,2568387484.0,0.845988,3.597067134,371342049.0,0.179914625,0.052516715,363126
15,4,"Mac13,2",high,2592262094.0,0.8538425,3.656503235,364259718.0,0.176482875,0.051509613,374194
15,5,"Mac13,2",high,2552597276.0,0.840778333,3.585720233,373763241.0,0.181086875,0.055305465,361814
15,6,"Mac13,2",high,2593542042.0,0.854263708,3.64993151,350949627.0,0.170034125,0.049606101,372342
15,7,"Mac13,2",high,2588972153.0,0.852762291,3.649912757,353175818.0,0.171113083,0.04990294,377490
15,8,"Mac13,2",high,2607321314.0,0.858803083,3.663525851,354694226.0,0.171871625,0.050215494,382804
15,9,"Mac13,2",high,2530865062.0,0.833619916,3.555825934,384510462.0,0.186294375,0.054395203,359230
15,10,"Mac13,2",high,2492201240.0,0.820884583,3.499409203,393018942.0,0.190416375,0.056579124,373740
15,11,"Mac13,2",high,2475528531.0,0.815393333,3.476906287,377146044.0,0.182725666,0.05322441,363918
15,12,"Mac13,2",high,2540119831.0,0.83667675,3.539659677,358851057.0,0.173861583,0.050429562,377656
15,13,"Mac13,2",high,2557932568.0,0.842535708,3.540006277,383624295.0,0.185865125,0.053986702,364330
15,14,"Mac13,2",high,2474562277.0,0.815074333,3.456836123,388502811.0,0.188228791,0.054711747,357196
15,15,"Mac13,2",high,2497963756.0,0.822783083,3.505614828,375853563.0,0.182120875,0.052980121,363758
15,16,"Mac13,2",high,2541356330.0,0.837083875,3.571294396,362978460.0,0.17586175,0.0513001,365110
15,17,"Mac13,2",high,2502017516.0,0.824118083,3.519126764,402290955.0,0.194908166,0.056821687,358220
15,18,"Mac13,2",high,2571933289.0,0.84714725,3.611462638,371669804.0,0.180072625,0.05256718,362610
15,19,"Mac13,2",high,2521050528.0,0.830395833,3.536771095,391945573.0,0.189896375,0.055409063,363842
16,0,"Mac13,2",high,2564087542.0,0.844562166,3.616367132,362442414.0,0.175601916,0.052397346,379190
16,1,"Mac13,2",high,2563235691.0,0.844284708,3.594856994,379793457.0,0.184009375,0.05369182,372194
16,2,"Mac13,2",high,2490914559.0,0.820461291,3.492082597,415005562.0,0.201068541,0.058670663,357112
16,3,"Mac13,2",high,2550508833.0,0.840090958,3.569953294,391947245.0,0.189898125,0.055490322,375220
16,4,"Mac13,2",high,2535598790.0,0.835179291,3.564765931,389965685.0,0.188937125,0.055070574,368982
16,5,"Mac13,2",high,2561740435.0,0.843789833,3.596448431,381671511.0,0.184918166,0.053908876,378754
16,6,"Mac13,2",high,2509157111.0,0.826473208,3.522526649,392390313.0,0.190111583,0.055364549,359858
16,7,"Mac13,2",high,2580561719.0,0.849989583,3.617243227,370032444.0,0.179279875,0.052333749,367980
16,8,"Mac13,2",high,2562483466.0,0.844034083,3.613857772,371552604.0,0.180015958,0.052554485,365480
16,9,"Mac13,2",high,2593864397.0,0.854370125,3.660401337,371329317.0,0.17990775,0.052567621,381748
16,10,"Mac13,2",high,2543017208.0,0.8376225,3.582142846,392150779.0,0.18999575,0.055482622,363846
16,11,"Mac13,2",high,2567575905.0,0.845713791,3.607741292,381469093.0,0.18482075,0.053922569,372096
16,12,"Mac13,2",high,2523962419.0,0.831346,3.5122123,411957285.0,0.199592458,0.058066951,357888
16,13,"Mac13,2",high,2518350803.0,0.82949775,3.498207133,413179691.0,0.200184458,0.058042242,358068
16,14,"Mac13,2",high,2653313067.0,0.873951625,3.718163799,329740102.0,0.159757958,0.046374326,372134
16,15,"Mac13,2",high,2614232250.0,0.861080125,3.66833283,368867329.0,0.178715375,0.052100667,376232
16,16,"Mac13,2",high,2571172269.0,0.846899,3.622402292,392340739.0,0.19011625,0.05547541,363486
16,17,"Mac13,2",high,2547252070.0,0.83901725,3.588856646,392003222.0,0.189924791,0.055377625,375088
16,18,"Mac13,2",high,2539504492.0,0.836469708,3.554858799,391892221.0,0.189871041,0.055398318,376872
16,19,"Mac13,2",high,2512144568.0,0.827454625,3.518964755,392030567.0,0.189937833,0.055381999,360876
17,0,"Mac13,2",high,2440148726.0,0.80374325,3.4300474,386997737.0,0.187499833,0.054679551,354172
17,1,"Mac13,2",high,2474630384.0,0.815097541,3.481220688,377457653.0,0.182876833,0.053294802,355612
17,2,"Mac13,2",high,2420953844.0,0.797416875,3.416132115,386664296.0,0.187352916,0.054683075,351078
17,3,"Mac13,2",high,2475628450.0,0.815426625,3.472860805,358211510.0,0.173552625,0.050649305,354838
17,4,"Mac13,2",high,2508676680.0,0.826311541,3.530326971,370111497.0,0.179318041,0.052356384,356878
17,5,"Mac13,2",high,2494217853.0,0.82154925,3.508674653,357317584.0,0.173119791,0.050475931,358120
17,6,"Mac13,2",high,2477984999.0,0.816205625,3.474343977,378761766.0,0.183508916,0.053562384,353492
17,7,"Mac13,2",high,2489087021.0,0.819859291,3.492576795,361839575.0,0.175309583,0.051244212,356488
17,8,"Mac13,2",high,2495767831.0,0.822059291,3.51282885,373869930.0,0.181138541,0.052833203,355658
17,9,"Mac13,2",high,2506117966.0,0.82546925,3.511548262,351228446.0,0.170170333,0.049622874,359172
17,10,"Mac13,2",high,2501159732.0,0.823836041,3.507918984,360589808.0,0.174705166,0.051030841,356690
17,11,"Mac13,2",high,2473001980.0,0.814571833,3.469100722,351918050.0,0.170503416,0.049774342,354620
17,12,"Mac13,2",high,2490377702.0,0.820283708,3.471019788,363818060.0,0.176268375,0.051160371,354152
17,13,"Mac13,2",high,2509439748.0,0.826563,3.466552998,371376461.0,0.179930458,0.052183885,353752
17,14,"Mac13,2",high,2452135742.0,0.807688333,3.415522594,379560951.0,0.183896541,0.053482765,351392
17,15,"Mac13,2",high,2449953049.0,0.806968708,3.461141679,372616993.0,0.18053175,0.052703858,353630
17,16,"Mac13,2",high,2446361719.0,0.805785666,3.457034163,392027075.0,0.189936166,0.055463326,362118
17,17,"Mac13,2",high,2474676808.0,0.815112875,3.476282829,371272713.0,0.179879958,0.05245115,360032
17,18,"Mac13,2",high,2468934145.0,0.813224291,3.468790437,362223029.0,0.175496333,0.051193539,353172
17,19,"Mac13,2",high,2430930013.0,0.800703333,3.4155707,384719800.0,0.186395541,0.05430514,351184
18,0,"Mac13,2",high,2480365797.0,0.816985833,3.503143979,391790716.0,0.189821583,0.055335146,356804
18,1,"Mac13,2",high,2479411292.0,0.816672708,3.487203911,394282346.0,0.191029541,0.053817427,355788
18,2,"Mac13,2",high,2529750810.0,0.833256333,3.552521396,382293440.0,0.185219958,0.054057448,375124
18,3,"Mac13,2",high,2508561848.0,0.826273916,3.521616472,391906187.0,0.189878125,0.055435853,363402
18,4,"Mac13,2",high,2521755802.0,0.830623041,3.539942131,387698501.0,0.1878395,0.054833043,358538
18,5,"Mac13,2",high,2526055459.0,0.832039291,3.555065579,391806301.0,0.189829541,0.055363141,360986
18,6,"Mac13,2",high,2506059801.0,0.8254525,3.516700682,392212091.0,0.190025208,0.055420762,373948
18,7,"Mac13,2",high,2550041145.0,0.839936,3.590412162,386802830.0,0.187405,0.054644331,375514
18,8,"Mac13,2",high,2514011489.0,0.828068916,3.533653324,389572492.0,0.188747041,0.055005578,372420
18,9,"Mac13,2",high,2540059705.0,0.836648541,3.572688151,392074832.0,0.189959458,0.055465067,360892
18,10,"Mac13,2",high,2542035147.0,0.837299333,3.582989479,374435721.0,0.181413375,0.052918344,373842
18,11,"Mac13,2",high,2528002906.0,0.832677333,3.554874751,373105056.0,0.18076825,0.052728647,361060
18,12,"Mac13,2",high,2535492368.0,0.83514825,3.522015835,370822570.0,0.179662,0.052104996,356476
18,13,"Mac13,2",high,2513634800.0,0.827945333,3.464573313,376436158.0,0.18238275,0.052894365,354612
18,14,"Mac13,2",high,2532256178.0,0.834078458,3.523061306,391758218.0,0.189805708,0.05514028,370330
18,15,"Mac13,2",high,2501094207.0,0.823813916,3.516785114,371708265.0,0.180090875,0.052560341,358114
18,16,"Mac13,2",high,2477290126.0,0.815973666,3.481662442,412528882.0,0.199869458,0.058280666,365610
18,17,"Mac13,2",high,2571527170.0,0.847012708,3.623509452,371305659.0,0.179896791,0.052505396,364860
18,18,"Mac13,2",high,2521899531.0,0.830666333,3.560606703,392152667.0,0.189996208,0.055439016,363100
18,19,"Mac13,2",high,2552194560.0,0.84064625,3.575135058,391682474.0,0.18976875,0.055405502,368746
19,0,"Mac13,2",high,2569654680.0,0.846398958,3.621319309,391762281.0,0.189807083,0.052547297,364124
19,1,"Mac13,2",high,2464659606.0,0.811812916,3.464691599,415436079.0,0.201277625,0.060612164,354748
19,2,"Mac13,2",high,2512578372.0,0.827596708,3.533401811,397060807.0,0.192374791,0.056072587,361928
19,3,"Mac13,2",high,2568939287.0,0.846161333,3.600905241,371378581.0,0.179931833,0.052504857,362602
19,4,"Mac13,2",high,2530793171.0,0.833597125,3.545509705,391194956.0,0.189533,0.055299268,379478
19,5,"Mac13,2",high,2562916568.0,0.844177166,3.603508114,412929865.0,0.20006275,0.058435448,378104
19,6,"Mac13,2",high,2581702479.0,0.850365125,3.628249136,392628347.0,0.190227958,0.055588104,367844
19,7,"Mac13,2",high,2587292554.0,0.852205541,3.653423861,390992408.0,0.189434666,0.055322178,368610
19,8,"Mac13,2",high,2568797287.0,0.8461145,3.609130381,381404964.0,0.184789708,0.054027943,367782
19,9,"Mac13,2",high,2602631352.0,0.857258375,3.658493754,371125091.0,0.179808958,0.052516125,383308
19,10,"Mac13,2",high,2517434978.0,0.829196375,3.539533455,386232909.0,0.187128791,0.054558391,365166
19,11,"Mac13,2",high,2565791475.0,0.845125833,3.619009173,399041047.0,0.193335333,0.056508821,381590
19,12,"Mac13,2",high,2556024369.0,0.841907375,3.55383037,401886295.0,0.194712916,0.056512124,377972
19,13,"Mac13,2",high,2525759717.0,0.831938625,3.499263028,412856029.0,0.200027416,0.058022418,371410
19,14,"Mac13,2",high,2605801575.0,0.858303541,3.61953572,371388705.0,0.1799365,0.0523154,364416
19,15,"Mac13,2",high,2532272983.0,0.834084291,3.552471707,412184905.0,0.199702958,0.058243723,373396
19,16,"Mac13,2",high,2541917974.0,0.837263541,3.589908838,408132825.0,0.197739583,0.057766777,362500
19,17,"Mac13,2",high,2575848359.0,0.84843725,3.610825067,391899149.0,0.189873833,0.055348571,376300
19,18,"Mac13,2",high,2594447553.0,0.854562625,3.648976663,373060255.0,0.180747125,0.052699821,374246
19,19,"Mac13,2",high,2553976554.0,0.841232166,3.606708544,376536855.0,0.182431166,0.053266831,371534
20,0,"Mac13,2",high,2466507593.0,0.812421791,3.477636736,355984466.0,0.172473958,0.052886052,363872
20,1,"Mac13,2",high,2437419327.0,0.802840375,3.435578808,371557204.0,0.180018541,0.05254144,358628
20,2,"Mac13,2",high,2481604343.0,0.817398541,3.48532377,353105639.0,0.171078708,0.049673107,355112
20,3,"Mac13,2",high,2497822137.0,0.822736708,3.503073232,371733277.0,0.180103791,0.05240499,367366
20,4,"Mac13,2",high,2401133248.0,0.790888625,3.372925835,391289470.0,0.189578708,0.055195112,346210
20,5,"Mac13,2",high,2431739996.0,0.800969958,3.413306643,371465326.0,0.179974041,0.052472063,351710
20,6,"Mac13,2",high,2431496813.0,0.800892875,3.417362789,378496145.0,0.18338025,0.053555067,351758
20,7,"Mac13,2",high,2451070776.0,0.807337125,3.440980714,389527284.0,0.188725208,0.055095995,352646
20,8,"Mac13,2",high,2409475228.0,0.79363625,3.390737822,392197387.0,0.190018583,0.055443253,349738
20,9,"Mac13,2",high,2472156305.0,0.814282666,3.474863885,380601818.0,0.184400708,0.053829315,353748
20,10,"Mac13,2",high,2467469918.0,0.812739125,3.459515143,370172803.0,0.179347708,0.052278463,352940
20,11,"Mac13,2",high,2481338932.0,0.817307375,3.480991891,366127392.0,0.177387791,0.051650195,354928
20,12,"Mac13,2",high,2499341294.0,0.823236875,3.469189617,370987247.0,0.179742708,0.052227741,353086
20,13,"Mac13,2",high,2485799205.0,0.81877575,3.464642534,371062260.0,0.17977875,0.052062431,351692
20,14,"Mac13,2",high,2474373249.0,0.815019625,3.457660463,381008395.0,0.184597291,0.053723903,353570
20,15,"Mac13,2",high,2468022566.0,0.812921541,3.457178795,362378715.0,0.175571791,0.051153316,356544
20,16,"Mac13,2",high,2437909512.0,0.803002291,3.420193973,371931587.0,0.180200083,0.052499678,351422
20,17,"Mac13,2",high,2463072977.0,0.811290708,3.458471799,371148119.0,0.179820416,0.052511046,355906
20,18,"Mac13,2",high,2447695610.0,0.806226,3.437183261,383696644.0,0.185900291,0.054204575,355664
20,19,"Mac13,2",high,2422655693.0,0.797981291,3.399607697,371507184.0,0.179993875,0.052419865,351758
21,0,"Mac13,2",high,2530465371.0,0.833488625,3.552886706,371626502.0,0.180051875,0.052579861,366022
21,1,"Mac13,2",high,2517246311.0,0.82913425,3.534673066,391909660.0,0.189890291,0.055526052,370024
21,2,"Mac13,2",high,2502479895.0,0.824271333,3.50561909,375556078.0,0.181955583,0.053129525,357782
21,3,"Mac13,2",high,2453513332.0,0.808142125,3.441348218,382232515.0,0.185190333,0.054046147,360620
21,4,"Mac13,2",high,2513890348.0,0.828029541,3.528009243,390919667.0,0.189399541,0.055292648,361364
21,5,"Mac13,2",high,2498452916.0,0.82295375,3.511864888,391859660.0,0.18985475,0.055471597,359752
21,6,"Mac13,2",high,2503181883.0,0.824504833,3.521412796,380768982.0,0.184482166,0.053858689,356596
21,7,"Mac13,2",high,2510124127.0,0.826788583,3.519768088,371586366.0,0.180032833,0.052503636,369700
21,8,"Mac13,2",high,2487385107.0,0.819298708,3.498742241,393203669.0,0.190506375,0.055605717,356748
21,9,"Mac13,2",high,2495529821.0,0.821981083,3.518189774,391478420.0,0.189670125,0.055348887,359338
21,10,"Mac13,2",high,2495661457.0,0.822024666,3.507795354,391048113.0,0.189461208,0.05532202,359306
21,11,"Mac13,2",high,2545679875.0,0.838499583,3.583170247,366278947.0,0.177460708,0.051774922,359768
21,12,"Mac13,2",high,2532182932.0,0.834061416,3.521464976,359247503.0,0.174054916,0.050567795,359582
21,13,"Mac13,2",high,2520891455.0,0.83033425,3.518314896,371264299.0,0.179876208,0.052218699,359824
21,14,"Mac13,2",high,2467190992.0,0.812646708,3.468229444,391378062.0,0.189622166,0.055144452,360394
21,15,"Mac13,2",high,2497638318.0,0.822675958,3.509451301,391615585.0,0.189737125,0.055352038,359552
21,16,"Mac13,2",high,2449985463.0,0.806979458,3.450043403,396148829.0,0.191932791,0.056084125,355244
21,17,"Mac13,2",high,2475469742.0,0.815373625,3.48639821,371522259.0,0.180001708,0.05247889,358232
21,18,"Mac13,2",high,2473319807.0,0.814666416,3.465467093,412615657.0,0.199911708,0.058344361,359828
21,19,"Mac13,2",high,2467015635.0,0.812588833,3.485097646,402679186.0,0.195097291,0.055415232,354116
22,0,"Mac13,2",high,2453714230.0,0.808280375,3.439561625,380467948.0,0.184334958,0.053774256,355866
22,1,"Mac13,2",high,2469661258.0,0.813460791,3.470381099,363629855.0,0.1761775,0.051404264,354858
22,2,"Mac13,2",high,2399156803.0,0.790246208,3.366130924,388120118.0,0.18804275,0.054728083,349718
22,3,"Mac13,2",high,2497588940.0,0.822659875,3.50465329,349543256.0,0.169353125,0.049445216,357336
22,4,"Mac13,2",high,2453077422.0,0.807998625,3.445310061,365927214.0,0.177290875,0.051638449,352950
22,5,"Mac13,2",high,2522498089.0,0.830901083,3.560112638,347065095.0,0.168151625,0.049080399,358998
22,6,"Mac13,2",high,2490144842.0,0.820232333,3.50523627,346806989.0,0.168027291,0.048975647,364490
22,7,"Mac13,2",high,2508362138.0,0.826207875,3.534854943,359462610.0,0.174159208,0.050783801,362074
22,8,"Mac13,2",high,2422140123.0,0.797851708,3.410676367,373323234.0,0.180873416,0.052719881,349910
22,9,"Mac13,2",high,2475084593.0,0.8152805,3.467584381,359874553.0,0.174358,0.050877582,354782
22,10,"Mac13,2",high,2473133139.0,0.814603833,3.483546087,371742784.0,0.180108625,0.052549047,353158
22,11,"Mac13,2",high,2467003740.0,0.812593375,3.474810252,351294325.0,0.170201375,0.049643369,353478
22,12,"Mac13,2",high,2533454391.0,0.834487416,3.546611085,328829006.0,0.1593165,0.046153814,357482
22,13,"Mac13,2",high,2512450265.0,0.827563708,3.479287506,335475314.0,0.16253725,0.047086607,352812
22,14,"Mac13,2",high,2500680355.0,0.82367825,3.485045463,378637871.0,0.183448875,0.053299252,361498
22,15,"Mac13,2",high,2422104150.0,0.797820791,3.403868504,370708871.0,0.179607541,0.052428473,350420
22,16,"Mac13,2",high,2411164873.0,0.794200375,3.39898432,419574835.0,0.2032825,0.059314629,349434
22,17,"Mac13,2",high,2548200809.0,0.839391791,3.577039458,342637403.0,0.166027208,0.04841796,359100
22,18,"Mac13,2",high,2438538377.0,0.803242583,3.420044479,358499726.0,0.173691833,0.05059419,351700
22,19,"Mac13,2",high,2529240580.0,0.833093375,3.564972686,344311200.0,0.1668175,0.050128356,358814
23,0,"Mac13,2",high,2582154719.0,0.850514,3.63541542,392592365.0,0.190209875,0.055476081,364972
23,1,"Mac13,2",high,2525253299.0,0.831771208,3.564539722,411824398.0,0.199527458,0.058160452,361028
23,2,"Mac13,2",high,2612015933.0,0.860350375,3.659752991,367518948.0,0.178061625,0.051846231,383718
23,3,"Mac13,2",high,2549629055.0,0.839801083,3.575562183,411929723.0,0.199578875,0.058173839,360946
23,4,"Mac13,2",high,2574898481.0,0.848123375,3.637113263,399301709.0,0.19346025,0.056528548,375142
23,5,"Mac13,2",high,2486827514.0,0.819115333,3.498692176,431358320.0,0.208992416,0.060889746,363652
23,6,"Mac13,2",high,2556488721.0,0.842060541,3.583276985,399360994.0,0.193488833,0.056478897,371956
23,7,"Mac13,2",high,2575344666.0,0.84827375,3.62047815,391525819.0,0.1896935,0.055313576,366140
23,8,"Mac13,2",high,2629926971.0,0.86624925,3.705110469,366183832.0,0.177415416,0.051736579,386628
23,9,"Mac13,2",high,2596548366.0,0.85525525,3.659593649,393676975.0,0.190735708,0.055618257,382058
23,10,"Mac13,2",high,2588445509.0,0.852586291,3.637283556,383083381.0,0.185602708,0.054139871,381722
23,11,"Mac13,2",high,2624771512.0,0.864550541,3.70027736,371050158.0,0.179773541,0.052524776,385842
23,12,"Mac13,2",high,2616070512.0,0.861685291,3.631391802,370574817.0,0.179541916,0.052175784,377320
23,13,"Mac13,2",high,2580385281.0,0.849931583,3.561102392,388274867.0,0.188138833,0.054452579,361304
23,14,"Mac13,2",high,2560906555.0,0.843515708,3.564813948,409271093.0,0.198290125,0.05754436,366432
23,15,"Mac13,2",high,2505714785.0,0.825336041,3.518741326,411896298.0,0.199562375,0.058233002,360172
23,16,"Mac13,2",high,2523690683.0,0.831258875,3.54898438,412092898.0,0.199657666,0.058254642,376740
23,17,"Mac13,2",high,2557745946.0,0.842478333,3.592813778,389358715.0,0.188643208,0.054995589,376194
23,18,"Mac13,2",high,2527994301.0,0.83267475,3.549271648,392048486.0,0.189946291,0.055374672,363776
23,19,"Mac13,2",high,2576771612.0,0.848740083,3.63202697,392498636.0,0.190164833,0.055518768,380962
24,0,"Mac13,2",high,2602272141.0,0.857140583,3.65801505,370337616.0,0.179428208,0.05236289,382642
24,1,"Mac13,2",high,2584410913.0,0.851257541,3.625588523,383456412.0,0.185782666,0.054207285,380284
24,2,"Mac13,2",high,2539212073.0,0.8363695,3.575738359,406563974.0,0.1969785,0.057450637,363764
24,3,"Mac13,2",high,2554657877.0,0.841457333,3.594738714,391317415.0,0.189591875,0.055270039,377228
24,4,"Mac13,2",high,2554512839.0,0.841409541,3.587954983,412118791.0,0.199670083,0.058258002,370580
24,5,"Mac13,2",high,2655523096.0,0.874679875,3.736937578,350612244.0,0.169870583,0.049558388,382204
24,6,"Mac13,2",high,2581351905.0,0.850263958,3.63843667,384873450.0,0.186470125,0.054453702,366336
24,7,"Mac13,2",high,2528868020.0,0.832962791,3.553938327,416221330.0,0.201658333,0.058740436,371590
24,8,"Mac13,2",high,2523656901.0,0.831246583,3.536211167,422319845.0,0.204613083,0.059681494,360672
24,9,"Mac13,2",high,2594732626.0,0.854656166,3.663364919,371356350.0,0.179921083,0.052485183,366272
24,10,"Mac13,2",high,2619544841.0,0.862830541,3.674293138,358370985.0,0.173630333,0.050650046,367930
24,11,"Mac13,2",high,2671010569.0,0.879785291,3.747658251,342574212.0,0.165976333,0.048438796,383198
24,12,"Mac13,2",high,2585487480.0,0.851611625,3.603996659,371132259.0,0.179813,0.052210866,368066
24,13,"Mac13,2",high,2559786059.0,0.843146,3.575719554,390267080.0,0.189083666,0.054691745,372534
24,14,"Mac13,2",high,2554894448.0,0.841534708,3.589707282,397397091.0,0.192537916,0.055857254,362584
24,15,"Mac13,2",high,2577121295.0,0.848858291,3.622839301,403334101.0,0.195414416,0.056980753,378820
24,16,"Mac13,2",high,2669834084.0,0.879393875,3.761744925,370795295.0,0.179649708,0.052305274,373280
24,17,"Mac13,2",high,2646326715.0,0.8716615,3.720626794,371326894.0,0.179906875,0.052495076,374420
24,18,"Mac13,2",high,2651223344.0,0.873263666,3.727638235,371175819.0,0.179834083,0.052446819,384992
24,19,"Mac13,2",high,2463576868.0,0.811456791,3.460825801,472707816.0,0.229026583,0.066860858,358674
25,0,"Mac13,2",high,2632076560.0,0.866957125,3.71082615,371263301.0,0.179875958,0.052517899,377780
25,1,"Mac13,2",high,2566435977.0,0.845336583,3.611392308,377744040.0,0.183015958,0.053398465,367732
25,2,"Mac13,2",high,2609425530.0,0.859496875,3.6605018,397106894.0,0.192397458,0.056199041,382606
25,3,"Mac13,2",high,2559502047.0,0.843051958,3.61018436,392185204.0,0.190012625,0.055456392,368906
25,4,"Mac13,2",high,2505360671.0,0.82521925,3.531870811,433121185.0,0.209846291,0.061219008,360628
25,5,"Mac13,2",high,2575738184.0,0.848400208,3.622107704,392559792.0,0.190193916,0.055464785,375854
25,6,"Mac13,2",high,2646535729.0,0.871720375,3.716281935,341375017.0,0.165395458,0.048315182,386602
25,7,"Mac13,2",high,2546087768.0,0.838635083,3.568751384,382937618.0,0.185532041,0.054142018,368598
25,8,"Mac13,2",high,2604071566.0,0.857732333,3.669439225,372295227.0,0.180375916,0.052663408,381100
25,9,"Mac13,2",high,2553396628.0,0.841041791,3.591286468,392496263.0,0.190163791,0.055532157,379810
25,10,"Mac13,2",high,2505739714.0,0.8253445,3.525800384,443661469.0,0.214952583,0.062859515,374920
25,11,"Mac13,2",high,2520045682.0,0.830056208,3.550278466,412908970.0,0.200053041,0.058352485,367972
25,12,"Mac13,2",high,2590828271.0,0.853376916,3.609009503,397784481.0,0.192725625,0.056061309,367292
25,13,"Mac13,2",high,2562658198.0,0.844092291,3.566789372,390765625.0,0.189325166,0.054808719,365862
25,14,"Mac13,2",high,2530237795.0,0.833421625,3.528266682,404215489.0,0.195841458,0.056838579,372080
25,15,"Mac13,2",high,2603589866.0,0.857574583,3.651025036,372567736.0,0.180508333,0.052677395,369042
25,16,"Mac13,2",high,2576427679.0,0.848630916,3.629855591,391673333.0,0.1897645,0.055327594,382682
25,17,"Mac13,2",high,2568229611.0,0.845934458,3.605055074,385470800.0,0.186759666,0.054511571,378028
25,18,"Mac13,2",high,2454798877.0,0.808565041,3.458602728,471644198.0,0.22851,0.066806104,359278
25,19,"Mac13,2",high,2519560378.0,0.829897333,3.533574491,402062328.0,0.194797583,0.056866547,359944
26,0,"Mac13,2",high,2390478402.0,0.787383958,3.362408055,389295184.0,0.188612166,0.055002476,351698
26,1,"Mac13,2",high,2632546466.0,0.867111791,3.711249421,288125783.0,0.139595833,0.040621664,381550
26,2,"Mac13,2",high,2550257701.0,0.840007375,3.59047824,345380869.0,0.167335666,0.048806015,361304
26,3,"Mac13,2",high,2499567953.0,0.823311583,3.515150963,391076360.0,0.189475625,0.055344751,356818
26,4,"Mac13,2",high,2547896824.0,0.839230458,3.577478144,332886840.0,0.161282708,0.046957395,375010
26,5,"Mac13,2",high,2592410744.0,0.853892875,3.63291716,307754703.0,0.14910675,0.043460718,369124
26,6,"Mac13,2",high,2700632199.0,0.889538291,3.795561641,271039928.0,0.131317916,0.038343195,385188
26,7,"Mac13,2",high,2457870664.0,0.809577333,3.447289308,360606457.0,0.1747135,0.05095541,353542
26,8,"Mac13,2",high,2448554196.0,0.806508916,3.440432121,347469476.0,0.168348083,0.049085741,355810
26,9,"Mac13,2",high,2483862085.0,0.818138375,3.489434063,412570643.0,0.199889291,0.05826713,356734
26,10,"Mac13,2",high,2367589299.0,0.779840666,3.324737017,432567093.0,0.209577666,0.060986491,345308
26,11,"Mac13,2",high,2383011336.0,0.784920125,3.349694462,446628062.0,0.216390083,0.063174582,349782
26,12,"Mac13,2",high,2556000473.0,0.84189975,3.574506745,343448202.0,0.1663995,0.048196719,371710
26,13,"Mac13,2",high,2475633223.0,0.815430208,3.448833848,379209545.0,0.183725708,0.05323259,355202
26,14,"Mac13,2",high,2603534663.0,0.857556416,3.635277841,295714696.0,0.1432725,0.041600466,368884
26,15,"Mac13,2",high,2316775011.0,0.76310275,3.268826242,457069657.0,0.221449958,0.064547933,345730
26,16,"Mac13,2",high,2543636839.0,0.837826458,3.585635998,332058941.0,0.160881458,0.046889097,362090
26,17,"Mac13,2",high,2558528556.0,0.842734666,3.610007313,302444559.0,0.146533416,0.04271296,363960
26,18,"Mac13,2",high,2404112012.0,0.7918725,3.385530999,433789654.0,0.210238291,0.061286498,349052
26,19,"Mac13,2",high,2448598543.0,0.80652325,3.443624278,394496869.0,0.191132333,0.055692066,352550
27,0,"Mac13,2",high,2612922757.0,0.860648583,3.675189306,391196943.0,0.189547333,0.055234869,372760
27,1,"Mac13,2",high,2592738693.0,0.853999666,3.667001929,396597917.0,0.19215075,0.056057842,369104
27,2,"Mac13,2",high,2559510622.0,0.843058625,3.606421864,412740013.0,0.199971041,0.058406259,372956
27,3,"Mac13,2",high,2582333200.0,0.850573041,3.634088426,391726187.0,0.189790208,0.055356681,381740
27,4,"Mac13,2",high,2651388186.0,0.873321375,3.726070708,370714481.0,0.179610208,0.05229112,372170
27,5,"Mac13,2",high,2576537194.0,0.848667708,3.620816951,404472873.0,0.1959665,0.057222617,368161
27,6,"Mac13,2",high,2613383918.0,0.860800375,3.683847902,390133377.0,0.189018416,0.055189213,371120
27,7,"Mac13,2",high,2592681723.0,0.853981333,3.651238931,384584030.0,0.186329416,0.054372927,377210
27,8,"Mac13,2",high,2637692747.0,0.86880775,3.700471324,394586705.0,0.191175833,0.055844389,368324
27,9,"Mac13,2",high,2516312429.0,0.828827333,3.537498701,420449551.0,0.203706708,0.059442113,361188
27,10,"Mac13,2",high,2603521707.0,0.857552166,3.6555868,376621181.0,0.182472083,0.05342382,374156
27,11,"Mac13,2",high,2636494268.0,0.86841275,3.699982934,371300534.0,0.179894916,0.052511748,378528
27,12,"Mac13,2",high,2522268699.0,0.83079925,3.498860175,431333238.0,0.20897975,0.058037385,360050
27,13,"Mac13,2",high,2579270589.0,0.849563958,3.565774164,399526309.0,0.193569375,0.055991455,358292
27,14,"Mac13,2",high,2631087006.0,0.866630916,3.674888455,392258662.0,0.190048208,0.055116781,374302
27,15,"Mac13,2",high,2614088079.0,0.861032541,3.677075845,380829136.0,0.184509958,0.053847953,378218
27,16,"Mac13,2",high,2641320093.0,0.87000225,3.716992302,381210745.0,0.18469525,0.053901198,380662
27,17,"Mac13,2",high,2518844696.0,0.829660583,3.544666797,432447296.0,0.209519791,0.061110122,360100
27,18,"Mac13,2",high,2616494555.0,0.861825,3.684769341,391964758.0,0.189906208,0.05541836,379420
27,19,"Mac13,2",high,2595176281.0,0.854803416,3.642571306,398482210.0,0.193063833,0.056395201,384596
28,0,"Mac13,2",high,2466213295.0,0.812325791,3.464092493,388978971.0,0.188459458,0.054993976,354320
28,1,"Mac13,2",high,2546579027.0,0.83879675,3.573760377,351934083.0,0.170511208,0.049814509,357144
28,2,"Mac13,2",high,2502950039.0,0.824425125,3.532456312,350740716.0,0.169933125,0.04956726,366154
28,3,"Mac13,2",high,2415897476.0,0.795752375,3.392398109,414366892.0,0.200759458,0.058478887,352156
28,4,"Mac13,2",high,2439750363.0,0.803608625,3.429096638,371378903.0,0.1799315,0.050299019,351738
28,5,"Mac13,2",high,2490961328.0,0.820477,3.505348364,370581102.0,0.179545416,0.052385982,366879
28,6,"Mac13,2",high,2442156574.0,0.804401833,3.425347162,376130183.0,0.182233833,0.053154449,353840
28,7,"Mac13,2",high,2490596084.0,0.820356958,3.491416456,368883045.0,0.17872275,0.052173881,362816
28,8,"Mac13,2",high,2459281952.0,0.810042041,3.461729822,385178503.0,0.186618166,0.054403424,362786
28,9,"Mac13,2",high,2454530626.0,0.808477,3.468925603,382428915.0,0.185286,0.054026018,354088
28,10,"Mac13,2",high,2477106989.0,0.815913375,3.477231102,385429002.0,0.186739375,0.054515131,353304
28,11,"Mac13,2",high,2493421252.0,0.8212875,3.493937792,372825990.0,0.180633666,0.052623914,359792
28,12,"Mac13,2",high,2491433004.0,0.82063225,3.46602752,357729327.0,0.173319416,0.053111837,354710
28,13,"Mac13,2",high,2473811560.0,0.814827833,3.42171865,367838784.0,0.178216416,0.05168318,350570
28,14,"Mac13,2",high,2418287618.0,0.79653925,3.36841372,379330428.0,0.18378475,0.053335704,347336
28,15,"Mac13,2",high,2470534332.0,0.813748375,3.478930751,370758299.0,0.179631541,0.052419195,360272
28,16,"Mac13,2",high,2475819533.0,0.815492666,3.485931198,368143374.0,0.178364916,0.052024519,360700
28,17,"Mac13,2",high,2486312261.0,0.818944833,3.506644269,345225966.0,0.167261625,0.048813976,366898
28,18,"Mac13,2",high,2463383747.0,0.811392666,3.469241746,357705252.0,0.173306583,0.05055036,359538
28,19,"Mac13,2",high,2469572135.0,0.813431208,3.484074443,371494043.0,0.179987875,0.052534317,356396
29,0,"Mac13,2",high,2430121047.0,0.800440583,3.424935613,403749307.0,0.195615625,0.056430125,351972
29,1,"Mac13,2",high,2435160678.0,0.802096791,3.431464425,392553525.0,0.190191333,0.055581431,363376
29,2,"Mac13,2",high,2449391976.0,0.806784375,3.448685346,395708999.0,0.191719916,0.055941077,352494
29,3,"Mac13,2",high,2504670755.0,0.825012083,3.512757347,360503386.0,0.174662416,0.050981976,355830
29,4,"Mac13,2",high,2487996857.0,0.819500208,3.502750494,359803302.0,0.17432375,0.053064029,354982
29,5,"Mac13,2",high,2388016143.0,0.786568458,3.359244499,417111477.0,0.202089375,0.058874507,346958
29,6,"Mac13,2",high,2494703328.0,0.821709458,3.508383622,355035917.0,0.172014083,0.050170332,358690
29,7,"Mac13,2",high,2492394150.0,0.820950291,3.511940963,371362671.0,0.17992425,0.052581597,356050
29,8,"Mac13,2",high,2409307643.0,0.793585,3.379319584,391863280.0,0.18985675,0.055366575,351926
29,9,"Mac13,2",high,2494770216.0,0.821731541,3.505200318,371620612.0,0.180049416,0.052514297,364258
29,10,"Mac13,2",high,2468912458.0,0.813216416,3.48314532,371230198.0,0.179860333,0.052464199,361452
29,11,"Mac13,2",high,2405421099.0,0.792300958,3.392700362,371270744.0,0.179880083,0.052496387,350778
29,12,"Mac13,2",high,2505283350.0,0.825194625,3.477236488,370258527.0,0.179389708,0.05211311,353582
29,13,"Mac13,2",high,2389389338.0,0.787020291,3.306255062,395380995.0,0.191560541,0.055566712,346114
29,14,"Mac13,2",high,2470914112.0,0.813873,3.466086419,380540433.0,0.184370458,0.053583454,355808
29,15,"Mac13,2",high,2478152765.0,0.816258125,3.47862417,366525833.0,0.177581,0.051778558,354200
29,16,"Mac13,2",high,2474410427.0,0.815025291,3.473279617,377883976.0,0.18308375,0.053422207,354186
29,17,"Mac13,2",high,2517162468.0,0.829106666,3.541534855,356343116.0,0.17264725,0.050372154,363842
29,18,"Mac13,2",high,2497627827.0,0.822673208,3.501798843,371464882.0,0.179973791,0.052479921,356506
29,19,"Mac13,2",high,2485560131.0,0.818701541,3.490338557,374007813.0,0.181218208,0.052905943,354904
30,0,"Mac13,2",high,2441243816.0,0.804101333,3.425959995,369354935.0,0.178951791,0.052850566,351716
30,1,"Mac13,2",high,2483326415.0,0.817964375,3.477502751,330321858.0,0.160040416,0.046685115,360362
30,2,"Mac13,2",high,2331171991.0,0.767848083,3.286567182,433059407.0,0.209816041,0.061262881,342772
30,3,"Mac13,2",high,2309200714.0,0.760607708,3.251646368,431334666.0,0.208980708,0.06096352,342466
30,4,"Mac13,2",high,2386866469.0,0.78618975,3.358596388,407357826.0,0.197364583,0.057591693,349200
30,5,"Mac13,2",high,2347442134.0,0.773203583,3.313203493,419082371.0,0.203044125,0.059216667,335902
30,6,"Mac13,2",high,2222500864.0,0.732050916,3.127552286,459796633.0,0.222770458,0.065027917,332184
30,7,"Mac13,2",high,2475810244.0,0.815485875,3.486232138,355120427.0,0.172054708,0.050179439,356024
30,8,"Mac13,2",high,2446892781.0,0.805961458,3.442296136,351274576.0,0.170192,0.049652284,352456
30,9,"Mac13,2",high,2410835254.0,0.794085,3.387331697,377342535.0,0.182821208,0.05337907,353850
30,10,"Mac13,2",high,2472720448.0,0.8144715,3.485419054,368985254.0,0.178772625,0.052204792,358848
30,11,"Mac13,2",high,2563977658.0,0.844526458,3.628508589,309267380.0,0.149838958,0.043758832,363284
30,12,"Mac13,2",high,2592893101.0,0.854051916,3.588172362,288808576.0,0.139927875,0.040724148,371810
30,13,"Mac13,2",high,2524400249.0,0.83149025,3.492952178,329670893.0,0.159724291,0.04630641,353432
30,14,"Mac13,2",high,2502622864.0,0.82432,3.484532803,337478083.0,0.163507416,0.047554209,357096
30,15,"Mac13,2",high,2435357709.0,0.802162208,3.423480988,371438949.0,0.179961291,0.052535996,353554
30,16,"Mac13,2",high,2384032508.0,0.785256916,3.338163338,413010385.0,0.200102083,0.058382809,348472
30,17,"Mac13,2",high,2491364362.0,0.82060975,3.505975876,330648387.0,0.160198125,0.046760302,356430
30,18,"Mac13,2",high,2387887546.0,0.786526416,3.357483299,407868103.0,0.197611333,0.057637437,348450
30,19,"Mac13,2",high,2480535173.0,0.817042166,3.495715636,347221811.0,0.168228625,0.048411816,353586
31,0,"Mac13,2",high,2415812416.0,0.795724333,3.389720793,371150476.0,0.179821541,0.052412175,349726
31,1,"Mac13,2",high,2490039306.0,0.820173083,3.500674819,349873115.0,0.169512708,0.049422274,356510
31,2,"Mac13,2",high,2502647425.0,0.824326,3.523315288,331666041.0,0.160691625,0.046866527,356942
31,3,"Mac13,2",high,2488619906.0,0.81970525,3.511746665,350886950.0,0.170003708,0.049576587,355848
31,4,"Mac13,2",high,2450365766.0,0.807104916,3.453012572,356807419.0,0.172872416,0.050355267,359476
31,5,"Mac13,2",high,2485655496.0,0.818729333,3.497860704,347872976.0,0.168543625,0.048346244,364638
31,6,"Mac13,2",high,2355964342.0,0.77601075,3.325461809,437422874.0,0.211929583,0.061878366,345860
31,7,"Mac13,2",high,2523240425.0,0.831108916,3.541827178,329521807.0,0.159652208,0.046637366,356970
31,8,"Mac13,2",high,2383712118.0,0.785150583,3.362851804,402741407.0,0.195127083,0.056902566,344058
31,9,"Mac13,2",high,2401091707.0,0.790878916,3.368716502,405529126.0,0.196478833,0.057297231,342736
31,10,"Mac13,2",high,2463262562.0,0.811353291,3.472054639,353444343.0,0.171242333,0.049948079,358076
31,11,"Mac13,2",high,2476501351.0,0.815717208,3.482331323,351190093.0,0.170150833,0.04963296,354136
31,12,"Mac13,2",high,2401594889.0,0.791040916,3.356946261,393151630.0,0.190480791,0.055321603,344018
31,13,"Mac13,2",high,2394571855.0,0.788731791,3.314944905,402094727.0,0.194814041,0.056589187,344604
31,14,"Mac13,2",high,2464657912.0,0.811812333,3.436190975,358888357.0,0.173880333,0.050432643,352450
31,15,"Mac13,2",high,2397705456.0,0.789759666,3.375660645,433868078.0,0.210207875,0.061428725,348054
31,16,"Mac13,2",high,2510227665.0,0.826822916,3.533510502,329417399.0,0.159601583,0.046565074,357290
31,17,"Mac13,2",high,2521802767.0,0.830636041,3.534964911,330053859.0,0.159910541,0.046697022,357868
31,18,"Mac13,2",high,2367120359.0,0.779686,3.331551398,412523347.0,0.199866416,0.058262103,346510
31,19,"Mac13,2",high,2362035767.0,0.77802225,3.311463908,426042880.0,0.206416708,0.060860252,347114
32,0,"Mac13,2",high,2502428835.0,0.824253916,3.526410679,358215503.0,0.173554333,0.048116012,364880
32,1,"Mac13,2",high,2488926595.0,0.8198065,3.500208426,338947870.0,0.164219458,0.047890466,356024
32,2,"Mac13,2",high,2444028095.0,0.80501825,3.432676275,358871276.0,0.173895083,0.050681053,354872
32,3,"Mac13,2",high,2438744842.0,0.803277458,3.437315503,383486760.0,0.185798208,0.054249046,351616
32,4,"Mac13,2",high,2447915875.0,0.806298083,3.443099377,370591529.0,0.179550625,0.05245286,357262
32,5,"Mac13,2",high,2537586829.0,0.835834625,3.563136229,312139184.0,0.151230666,0.044980916,363748
32,6,"Mac13,2",high,2450991118.0,0.807311208,3.454142942,350639180.0,0.169883791,0.049574815,352506
32,7,"Mac13,2",high,2461051575.0,0.810625916,3.453877918,374846459.0,0.181611916,0.052965637,353146
32,8,"Mac13,2",high,2427884720.0,0.799700583,3.42081301,396058042.0,0.191889291,0.055978537,354904
32,9,"Mac13,2",high,2454464779.0,0.808455416,3.455147329,370583930.0,0.179546791,0.052457077,358778
32,10,"Mac13,2",high,2431773378.0,0.800981625,3.425252479,380134505.0,0.184173708,0.053707835,351344
32,11,"Mac13,2",high,2422616371.0,0.797965458,3.400741351,371822419.0,0.180147291,0.052558218,351690
32,12,"Mac13,2",high,2464639556.0,0.811814083,3.445220045,350318153.0,0.16974925,0.049261467,356528
32,13,"Mac13,2",high,2459242293.0,0.810029208,3.42320799,371041865.0,0.179769541,0.052053248,351314
32,14,"Mac13,2",high,2446638769.0,0.805877708,3.423601909,371379575.0,0.179932125,0.05220091,350730
32,15,"Mac13,2",high,2430779652.0,0.800654166,3.416820469,371445865.0,0.179964791,0.052467168,352060
32,16,"Mac13,2",high,2373780675.0,0.781879833,3.334053757,400554423.0,0.194067708,0.056628447,348338
32,17,"Mac13,2",high,2383864914.0,0.785200833,3.368783728,424292756.0,0.205568416,0.059991096,347810
32,18,"Mac13,2",high,2452845922.0,0.807922666,3.442067089,371189305.0,0.17984025,0.05250533,355428
32,19,"Mac13,2",high,2373932199.0,0.781929833,3.336239585,394363923.0,0.191067958,0.05576194,348532
33,0,"Mac13,2",high,2607738241.0,0.858941041,3.667985986,394700245.0,0.191231333,0.05846582,377576
33,1,"Mac13,2",high,2590319111.0,0.853207875,3.637630969,391675041.0,0.189766125,0.055337741,371926
33,2,"Mac13,2",high,2596078561.0,0.855099833,3.66083461,391875947.0,0.189862875,0.055387457,374008
33,3,"Mac13,2",high,2575639800.0,0.848369,3.612394691,397899327.0,0.192780875,0.056079628,370670
33,4,"Mac13,2",high,2585267114.0,0.851540791,3.645266046,391746289.0,0.189800416,0.055400808,373764
33,5,"Mac13,2",high,2583921468.0,0.851096458,3.629682732,391893131.0,0.189871416,0.055396597,365714
33,6,"Mac13,2",high,2610479315.0,0.859847375,3.686405793,391378751.0,0.189621958,0.055386829,381478
33,7,"Mac13,2",high,2578085275.0,0.849173875,3.628262397,412276039.0,0.199746333,0.05826584,383012
33,8,"Mac13,2",high,2581066592.0,0.850158041,3.641801198,389680939.0,0.188799166,0.055087764,372312
33,9,"Mac13,2",high,2567971648.0,0.8458425,3.610592776,381891888.0,0.185025458,0.053975052,369806
33,10,"Mac13,2",high,2571883495.0,0.847130666,3.631765877,392300468.0,0.190068333,0.055452527,368740
33,11,"Mac13,2",high,2513484228.0,0.827896,3.53119374,469907025.0,0.227668625,0.066503194,364972
33,12,"Mac13,2",high,2566960253.0,0.845509583,3.578924518,392609958.0,0.190218208,0.055227147,368134
33,13,"Mac13,2",high,2600646561.0,0.856608666,3.598119453,392643749.0,0.190234916,0.055018288,373962
33,14,"Mac13,2",high,2564394165.0,0.844666125,3.574156942,412627715.0,0.199916666,0.058010162,364054
33,15,"Mac13,2",high,2618337563.0,0.862436041,3.669070184,391389817.0,0.189627583,0.055348115,377450
33,16,"Mac13,2",high,2554211045.0,0.841310208,3.592507075,422903263.0,0.2048955,0.059776974,371212
33,17,"Mac13,2",high,2603613493.0,0.8575825,3.669169574,374252103.0,0.18132425,0.05283581,379814
33,18,"Mac13,2",high,2602067437.0,0.857075833,3.654922832,397280865.0,0.192481708,0.056148844,366802
33,19,"Mac13,2",high,2643574867.0,0.870745375,3.711605189,375449761.0,0.181904166,0.050551209,384944
34,0,"Mac13,2",high,2517091447.0,0.829084166,3.533442585,374339611.0,0.181366333,0.05296166,359272
34,1,"Mac13,2",high,2532696401.0,0.834222916,3.575298442,374157892.0,0.181278,0.052907901,370750
34,2,"Mac13,2",high,2490537875.0,0.820349333,3.499945835,392096441.0,0.189969791,0.055458577,360990
34,3,"Mac13,2",high,2550837105.0,0.840199083,3.586266986,344203872.0,0.166765833,0.048621774,371266
34,4,"Mac13,2",high,2529330482.0,0.833114583,3.557648268,372615126.0,0.180531416,0.052591762,357016
34,5,"Mac13,2",high,2494107055.0,0.821513083,3.50600342,398667318.0,0.193153791,0.056398743,368428
34,6,"Mac13,2",high,2512509226.0,0.827574208,3.542176682,392519256.0,0.190174583,0.055506776,361456
34,7,"Mac13,2",high,2498661634.0,0.823013375,3.508530267,380589704.0,0.184394583,0.053771458,357928
34,8,"Mac13,2",high,2500453708.0,0.823603125,3.521460127,391941671.0,0.189894708,0.055476708,357824
34,9,"Mac13,2",high,2504059419.0,0.824791458,3.518896739,391446234.0,0.189654333,0.055414543,357776
34,10,"Mac13,2",high,2504017665.0,0.824777625,3.520864888,377078957.0,0.182693666,0.053350661,361396
34,11,"Mac13,2",high,2462434492.0,0.811081208,3.453186887,392397210.0,0.190115583,0.05545941,365260
34,12,"Mac13,2",high,2502502304.0,0.824277666,3.505838302,407474384.0,0.197420041,0.057323894,354728
34,13,"Mac13,2",high,2502788214.0,0.824375625,3.486110572,386719850.0,0.187364166,0.054216314,357920
34,14,"Mac13,2",high,2511426358.0,0.827217791,3.494417998,389548741.0,0.188735333,0.05347987,356144
34,15,"Mac13,2",high,2450643448.0,0.807196916,3.45286358,400654096.0,0.194115916,0.056585863,357512
34,16,"Mac13,2",high,2574250057.0,0.847913541,3.629767883,371866739.0,0.180167875,0.052575907,370454
34,17,"Mac13,2",high,2461912465.0,0.810908916,3.45833132,392216995.0,0.1900495,0.05543315,356330
34,18,"Mac13,2",high,2555453927.0,0.841719125,3.599571612,371401230.0,0.179942291,0.052513212,377260
34,19,"Mac13,2",high,2533468314.0,0.8344775,3.566165084,369205602.0,0.178878791,0.054638213,361766
35,0,"Mac13,2",high,2565328478.0,0.844972,3.609905635,378943690.0,0.183597541,0.053251333,377936
35,1,"Mac13,2",high,2564030650.0,0.844544833,3.59609257,367470381.0,0.178037791,0.051843533,364448
35,2,"Mac13,2",high,2545412006.0,0.838420166,3.574959251,394248424.0,0.191012416,0.055615836,366640
35,3,"Mac13,2",high,2625752678.0,0.864874125,3.697868763,346100309.0,0.167684208,0.048943784,369188
35,4,"Mac13,2",high,2559737982.0,0.843130708,3.609263005,382615586.0,0.185376208,0.053781914,381034
35,5,"Mac13,2",high,2672948979.0,0.880420208,3.755507263,318802436.0,0.154458916,0.04506803,379500
35,6,"Mac13,2",high,2564317520.0,0.844638875,3.615987472,366650495.0,0.177641208,0.051793185,363284
35,7,"Mac13,2",high,2514818007.0,0.828338333,3.523647541,367543237.0,0.178073875,0.051798695,359306
35,8,"Mac13,2",high,2586658809.0,0.851997541,3.639731942,351246315.0,0.170177958,0.049632404,378606
35,9,"Mac13,2",high,2582153620.0,0.85051425,3.624691089,364014319.0,0.176364541,0.051450538,381530
35,10,"Mac13,2",high,2477292105.0,0.815974375,3.479225431,370049682.0,0.179287625,0.052237619,363194
35,11,"Mac13,2",high,2600229635.0,0.85647075,3.656825352,372971455.0,0.180703958,0.052679109,368802
35,12,"Mac13,2",high,2639341331.0,0.86935025,3.6926398,353500311.0,0.171269833,0.049368663,381838
35,13,"Mac13,2",high,2482371679.0,0.817651041,3.460005524,381195186.0,0.184688291,0.053456153,357188
35,14,"Mac13,2",high,2627195574.0,0.865350125,3.656868061,362523644.0,0.175642166,0.052493093,384392
35,15,"Mac13,2",high,2604605122.0,0.857909166,3.65724766,350898369.0,0.170009208,0.049566772,370436
35,16,"Mac13,2",high,2631400853.0,0.866735083,3.702067268,340504881.0,0.164974,0.048115478,367904
35,17,"Mac13,2",high,2534628246.0,0.834863916,3.560595571,365467365.0,0.177068916,0.051498319,364696
35,18,"Mac13,2",high,2557538806.0,0.842406166,3.602139755,364151330.0,0.176430041,0.051405197,364626
35,19,"Mac13,2",high,2617856154.0,0.862273666,3.683310524,314256132.0,0.152256208,0.044292882,377298
36,0,"Mac13,2",high,2480377815.0,0.816991208,3.486506918,429687470.0,0.208182916,0.060617566,359492
36,1,"Mac13,2",high,2591369857.0,0.853549791,3.636741002,383346357.0,0.185730083,0.054133138,378280
36,2,"Mac13,2",high,2584718462.0,0.85135825,3.640027882,370625061.0,0.179567083,0.052288491,372058
36,3,"Mac13,2",high,2585725123.0,0.851690083,3.65277048,383594845.0,0.185851,0.054173367,383072
36,4,"Mac13,2",high,2589290346.0,0.852864916,3.639027102,392075106.0,0.189959416,0.055407288,365378
36,5,"Mac13,2",high,2594936014.0,0.854723708,3.656893607,364435398.0,0.176568125,0.051552368,380484
36,6,"Mac13,2",high,2518478008.0,0.829543875,3.541283828,401666321.0,0.194606416,0.056808129,366224
36,7,"Mac13,2",high,2634154263.0,0.8676425,3.696422978,361110109.0,0.1749565,0.050989014,384608
36,8,"Mac13,2",high,2617610907.0,0.8621925,3.692140487,358258360.0,0.173575333,0.050580539,370140
36,9,"Mac13,2",high,2560499178.0,0.84338175,3.596595264,382459128.0,0.185300166,0.054006915,365474
36,10,"Mac13,2",high,2538692106.0,0.836198625,3.569443323,413365511.0,0.200275083,0.058373382,365996
36,11,"Mac13,2",high,2521444147.0,0.830517291,3.551283126,420870372.0,0.203910291,0.059444359,368800
36,12,"Mac13,2",high,2591215844.0,0.853501916,3.610793713,373703839.0,0.181058916,0.052885718,367970
36,13,"Mac13,2",high,2617135784.0,0.86203625,3.631189175,382039159.0,0.185096375,0.053661418,362762
36,14,"Mac13,2",high,2629700963.0,0.866175,3.674147509,363353421.0,0.176043791,0.051131632,367700
36,15,"Mac13,2",high,2565340772.0,0.844976416,3.615573635,390189871.0,0.189046083,0.055045852,377368
36,16,"Mac13,2",high,2612689814.0,0.860572291,3.669240021,371847039.0,0.180158833,0.05253423,385180
36,17,"Mac13,2",high,2636764091.0,0.868501083,3.726214761,379241689.0,0.1837415,0.053648687,380692
36,18,"Mac13,2",high,2602033210.0,0.8570625,3.651572474,389947856.0,0.188928458,0.055159548,378418
36,19,"Mac13,2",high,2698974909.0,0.889011541,3.806377529,313117483.0,0.151704041,0.044192913,377894
37,0,"Mac13,2",high,2492701871.0,0.821053291,3.501961939,412729525.0,0.199967333,0.058379868,358130
37,1,"Mac13,2",high,2555877384.0,0.841859333,3.592098864,384305284.0,0.186195083,0.054309245,366260
37,2,"Mac13,2",high,2520004678.0,0.830043583,3.538374827,412759658.0,0.199981708,0.058333129,369252
37,3,"Mac13,2",high,2592305173.0,0.853857458,3.656913412,357750426.0,0.173329041,0.050460342,365626
37,4,"Mac13,2",high,2629956616.0,0.86626375,3.697291167,341189932.0,0.165305541,0.048212602,383762
37,5,"Mac13,2",high,2473620429.0,0.814764708,3.484841652,435566226.0,0.211051583,0.061541609,358440
37,6,"Mac13,2",high,2542836313.0,0.837564208,3.565449591,383527446.0,0.185817583,0.0541436,371396
37,7,"Mac13,2",high,2635978993.0,0.868243375,3.707808308,338475411.0,0.163990041,0.047825865,374676
37,8,"Mac13,2",high,2547653464.0,0.839150125,3.586415852,389032084.0,0.188485333,0.054932635,375354
37,9,"Mac13,2",high,2635977295.0,0.868243291,3.694276294,353401573.0,0.171221875,0.049906895,380302
37,10,"Mac13,2",high,2541174948.0,0.837015916,3.579235909,412616430.0,0.199911875,0.058399381,361080
37,11,"Mac13,2",high,2528385439.0,0.832810041,3.561056366,393169856.0,0.190489416,0.055529916,366764
37,12,"Mac13,2",high,2592072526.0,0.853780666,3.613806595,349849879.0,0.169501708,0.04913982,361274
37,13,"Mac13,2",high,2544496824.0,0.838110416,3.531864368,380869661.0,0.1845305,0.053360512,365122
37,14,"Mac13,2",high,2517652831.0,0.829268333,3.513696856,431843597.0,0.209227625,0.060642181,369334
37,15,"Mac13,2",high,2493451308.0,0.8212975,3.505083219,412875507.0,0.200037458,0.05839255,360560
37,16,"Mac13,2",high,2513843165.0,0.828017291,3.547334872,399455510.0,0.193535416,0.056437915,359270
37,17,"Mac13,2",high,2488507154.0,0.819668166,3.509745064,400496803.0,0.194039125,0.056508766,362646
37,18,"Mac13,2",high,2647086315.0,0.871901541,3.721907468,330210179.0,0.159986875,0.04671987,374344
37,19,"Mac13,2",high,2490808132.0,0.82042875,3.506670494,407592922.0,0.197476666,0.057516448,369418
38,0,"Mac13,2",high,2582376160.0,0.850587625,3.627795025,375368580.0,0.181864791,0.0531192,378292
38,1,"Mac13,2",high,2524237960.0,0.831437625,3.558129913,392766731.0,0.190294833,0.055507885,359640
38,2,"Mac13,2",high,2590344227.0,0.853211166,3.648503699,391335559.0,0.189601541,0.055383854,366362
38,3,"Mac13,2",high,2584371074.0,0.851244125,3.643409373,392199760.0,0.190019541,0.055489956,379328
38,4,"Mac13,2",high,2586044365.0,0.851795625,3.634229122,378867640.0,0.183559958,0.05357488,367394
38,5,"Mac13,2",high,2574407301.0,0.847962041,3.635824536,399771289.0,0.193688333,0.05649881,363664
38,6,"Mac13,2",high,2549218126.0,0.839666333,3.578294253,403022774.0,0.195263708,0.057058191,364886
38,7,"Mac13,2",high,2560054097.0,0.843238041,3.602409089,413525869.0,0.200364333,0.058416932,375026
38,8,"Mac13,2",high,2625850699.0,0.864907,3.702094485,373473454.0,0.180947291,0.052771836,372882
38,9,"Mac13,2",high,2548778042.0,0.839521125,3.578994271,386157825.0,0.187092333,0.054572552,367582
38,10,"Mac13,2",high,2614326162.0,0.861110375,3.682553671,371457285.0,0.179970166,0.052571306,386700
38,11,"Mac13,2",high,2561196112.0,0.84361225,3.626349619,405755246.0,0.196587458,0.057362465,365756
38,12,"Mac13,2",high,2550447402.0,0.840073625,3.537751869,396396084.0,0.1920525,0.055694415,373606
38,13,"Mac13,2",high,2571959681.0,0.847156208,3.550453169,403252661.0,0.195374666,0.05650827,369332
38,14,"Mac13,2",high,2520309549.0,0.830144041,3.4985203,412383369.0,0.199798791,0.058113282,364814
38,15,"Mac13,2",high,2576163530.0,0.8485415,3.622026067,395327866.0,0.191535416,0.055908057,366104
38,16,"Mac13,2",high,2570014111.0,0.846515666,3.620347504,383030981.0,0.185577458,0.054156493,380734
38,17,"Mac13,2",high,2580709253.0,0.850038375,3.63414017,409382878.0,0.198344541,0.057905075,363664
38,18,"Mac13,2",high,2551010795.0,0.840256708,3.576349653,411221228.0,0.199235666,0.058154914,375322
38,19,"Mac13,2",high,2578054873.0,0.84916375,3.630094253,392889115.0,0.190353708,0.055464203,372630
39,0,"Mac13,2",high,2554635728.0,0.841450041,3.597933737,397887164.0,0.19277525,0.056262297,368332
39,1,"Mac13,2",high,2555882632.0,0.841861,3.597159454,407031463.0,0.197225666,0.057500171,379516
39,2,"Mac13,2",high,2540684784.0,0.836854583,3.582329901,405056932.0,0.19624825,0.057321991,375768
39,3,"Mac13,2",high,2524798783.0,0.831622416,3.556277746,405041250.0,0.196241291,0.057260503,362506
39,4,"Mac13,2",high,2564268671.0,0.844627166,3.591986062,391406409.0,0.189636,0.055355975,376540
39,5,"Mac13,2",high,2592848513.0,0.854040125,3.653521484,361189584.0,0.174996083,0.05104957,383480
39,6,"Mac13,2",high,2591237361.0,0.853505458,3.665277926,371319332.0,0.179903583,0.052519757,380028
39,7,"Mac13,2",high,2546331564.0,0.838715041,3.582401625,403303436.0,0.195399416,0.057036709,363476
39,8,"Mac13,2",high,2542045484.0,0.837302916,3.576961909,393961506.0,0.19087325,0.055149567,370422
39,9,"Mac13,2",high,2582451594.0,0.850612625,3.623466303,391209020.0,0.1895405,0.055293968,373382
39,10,"Mac13,2",high,2544597340.0,0.838143416,3.582027523,413291071.0,0.200238125,0.058435771,362010
39,11,"Mac13,2",high,2570331726.0,0.846619958,3.617425094,395051495.0,0.191401583,0.05592952,378618
39,12,"Mac13,2",high,2529000456.0,0.833015,3.512682599,412170376.0,0.199695,0.058096116,360672
39,13,"Mac13,2",high,2545928104.0,0.838582458,3.500823175,400357822.0,0.193972625,0.056101224,358028
39,14,"Mac13,2",high,2586955822.0,0.85209575,3.597205398,371083205.0,0.179788416,0.05213211,361480
39,15,"Mac13,2",high,2550087256.0,0.839952375,3.576953001,412188564.0,0.199704,0.058292391,376210
39,16,"Mac13,2",high,2662042225.0,0.876827333,3.759278488,349135746.0,0.16915525,0.049055826,371510
39,17,"Mac13,2",high,2524595437.0,0.831558625,3.564033642,412654035.0,0.199929583,0.058343672,376330
39,18,"Mac13,2",high,2543896494.0,0.837913291,3.570159823,394831045.0,0.191294666,0.055725955,366578
39,19,"Mac13,2",high,2577188345.0,0.848878458,3.628299195,382372489.0,0.185258416,0.053992725,361598
40,0,"Mac13,2",high,2604159876.0,0.857762791,3.659831062,337894145.0,0.163709625,0.046318665,372434
40,1,"Mac13,2",high,2566128420.0,0.845235791,3.617697778,363888514.0,0.176302458,0.051423424,364714
40,2,"Mac13,2",high,2608676766.0,0.859253083,3.672468235,335064897.0,0.162338083,0.047354568,371220
40,3,"Mac13,2",high,2511079274.0,0.827105208,3.546569762,326705812.0,0.158288083,0.04606917,358284
40,4,"Mac13,2",high,2565902629.0,0.845161833,3.604276353,327633168.0,0.158736666,0.046265601,368230
40,5,"Mac13,2",high,2527918787.0,0.832650291,3.555017865,370969023.0,0.179758875,0.052438942,361496
40,6,"Mac13,2",high,2500422761.0,0.823592958,3.519773202,349891499.0,0.169521166,0.049456093,360458
40,7,"Mac13,2",high,2682413219.0,0.883537708,3.774117665,302061755.0,0.146348208,0.042727766,387724
40,8,"Mac13,2",high,2524949763.0,0.831672625,3.542334267,367950726.0,0.178271375,0.05246638,369336
40,9,"Mac13,2",high,2508623850.0,0.826294125,3.54391995,349789836.0,0.16947225,0.049427712,365978
40,10,"Mac13,2",high,2517288607.0,0.829152416,3.537258032,347993888.0,0.168602791,0.049109279,368386
40,11,"Mac13,2",high,2605861861.0,0.858323208,3.66909118,328950316.0,0.159376625,0.046487623,369972
40,12,"Mac13,2",high,2563545042.0,0.844384333,3.582444605,362866323.0,0.175808291,0.051029757,359072
40,13,"Mac13,2",high,2570478300.0,0.846668583,3.560233429,348077002.0,0.16864225,0.048869591,358760
40,14,"Mac13,2",high,2502865820.0,0.824408,3.499507666,350650867.0,0.169889125,0.049260193,355056
40,15,"Mac13,2",high,2520117326.0,0.830080625,3.540066591,350894192.0,0.17000775,0.049503549,362866
40,16,"Mac13,2",high,2647114021.0,0.871910458,3.729361748,320739823.0,0.155397916,0.045706553,385610
40,17,"Mac13,2",high,2613796490.0,0.860936291,3.683522526,330008028.0,0.159887416,0.046607498,369950
40,18,"Mac13,2",high,2514118785.0,0.828104583,3.54157278,370702287.0,0.179605,0.052407149,357638
40,19,"Mac13,2",high,2553191493.0,0.840975125,3.578734975,358244129.0,0.173568333,0.050600342,382102
41,0,"Mac13,2",high,2598402655.0,0.855866333,3.655036351,360708452.0,0.174762041,0.052276895,375170
41,1,"Mac13,2",high,2597552134.0,0.855586083,3.65187941,378386437.0,0.183327083,0.053566846,379904
41,2,"Mac13,2",high,2626286366.0,0.865050416,3.699981756,379185105.0,0.183714541,0.053467487,381388
41,3,"Mac13,2",high,2604533460.0,0.857888125,3.674045678,384349494.0,0.186216625,0.054239036,381924
41,4,"Mac13,2",high,2549712665.0,0.83982875,3.58239689,381629578.0,0.1848985,0.053808545,359616
41,5,"Mac13,2",high,2618862139.0,0.86260825,3.686952132,371432277.0,0.179957083,0.052412454,379840
41,6,"Mac13,2",high,2590840394.0,0.853379916,3.639203687,392409198.0,0.190121291,0.055503728,363192
41,7,"Mac13,2",high,2575244323.0,0.848238875,3.619801369,385525498.0,0.186785916,0.054347881,364218
41,8,"Mac13,2",high,2592426936.0,0.853898375,3.638119697,388179269.0,0.188071916,0.054768786,364586
41,9,"Mac13,2",high,2624839280.0,0.864573791,3.703292381,372843013.0,0.180642041,0.052582351,366632
41,10,"Mac13,2",high,2620343227.0,0.863096291,3.685932932,375472091.0,0.181915041,0.052939093,374180
41,11,"Mac13,2",high,2595507250.0,0.85492175,3.66825422,370768810.0,0.179636625,0.052384748,375840
41,12,"Mac13,2",high,2587526101.0,0.852283041,3.622180589,358864658.0,0.173869041,0.050386138,378456
41,13,"Mac13,2",high,2575290086.0,0.848253,3.590991686,387545308.0,0.18776475,0.054374264,376208
41,14,"Mac13,2",high,2610292984.0,0.85978175,3.666255837,370603990.0,0.179556666,0.05204671,381550
41,15,"Mac13,2",high,2661520543.0,0.87665675,3.739338705,359971992.0,0.174405625,0.050806865,380642
41,16,"Mac13,2",high,2634330399.0,0.8676995,3.720145652,357071286.0,0.173000291,0.050393505,368710
41,17,"Mac13,2",high,2621382704.0,0.863435791,3.682833551,362197618.0,0.17548375,0.05117904,380858
41,18,"Mac13,2",high,2537681543.0,0.83586625,3.561032831,405857036.0,0.196636958,0.057191367,374414
41,19,"Mac13,2",high,2605562372.0,0.858224208,3.671575224,392542243.0,0.190185916,0.055428324,364894
42,0,"Mac13,2",high,2446340802.0,0.805779333,3.44534774,391866287.0,0.18985825,0.055343933,353540
42,1,"Mac13,2",high,2517364284.0,0.829174416,3.530362822,367573876.0,0.178088375,0.051957308,363506
42,2,"Mac13,2",high,2497131258.0,0.822509625,3.507294351,370587746.0,0.179549,0.052354882,359924
42,3,"Mac13,2",high,2521251605.0,0.830454333,3.543395013,370036779.0,0.179282583,0.052226897,359922
42,4,"Mac13,2",high,2569701107.0,0.846413083,3.604765541,355294643.0,0.1721395,0.050135305,378240
42,5,"Mac13,2",high,2501301041.0,0.82388325,3.507934771,373090006.0,0.180760875,0.052610445,360626
42,6,"Mac13,2",high,2454170922.0,0.808360375,3.466585399,371258968.0,0.179873625,0.052429058,366522
42,7,"Mac13,2",high,2516377165.0,0.828848541,3.545644332,371019259.0,0.179757291,0.052424793,373252
42,8,"Mac13,2",high,2485894618.0,0.818808208,3.500460005,372219525.0,0.180339041,0.052566371,361674
42,9,"Mac13,2",high,2533735691.0,0.83456575,3.571927858,353911617.0,0.17146925,0.049985583,371704
42,10,"Mac13,2",high,2476264260.0,0.815636291,3.475619431,379387924.0,0.183813125,0.053545166,356350
42,11,"Mac13,2",high,2525833398.0,0.831963875,3.542656512,367308692.0,0.177959625,0.051846458,364098
42,12,"Mac13,2",high,2499189456.0,0.823186958,3.493722523,371784669.0,0.180128541,0.052295158,357140
42,13,"Mac13,2",high,2487537207.0,0.819348416,3.456077789,374507341.0,0.1814475,0.052445576,355460
42,14,"Mac13,2",high,2493797896.0,0.821411416,3.481772147,384513959.0,0.186295208,0.054050026,356740
42,15,"Mac13,2",high,2428485332.0,0.799898541,3.414231798,391024077.0,0.189450541,0.055183495,357098
42,16,"Mac13,2",high,2489846216.0,0.820109083,3.516985341,371887136.0,0.180179125,0.052445524,370568
42,17,"Mac13,2",high,2486764225.0,0.819094333,3.505334612,391544495.0,0.1897025,0.055343004,359758
42,18,"Mac13,2",high,2554441927.0,0.841388875,3.611321741,363681128.0,0.176202708,0.051377471,366686
42,19,"Mac13,2",high,2550597859.0,0.84011975,3.599084919,349649994.0,0.169404541,0.049389368,375416
43,0,"Mac13,2",high,2459380686.0,0.810074833,3.465842099,330038921.0,0.159902958,0.046580795,351232
43,1,"Mac13,2",high,2452907781.0,0.807943083,3.444812468,350935408.0,0.17002725,0.049610161,351134
43,2,"Mac13,2",high,2414709229.0,0.795361458,3.390235645,360951310.0,0.174880291,0.050987026,350218
43,3,"Mac13,2",high,2446692373.0,0.805895625,3.441132339,338899918.0,0.164196208,0.047755948,352124
43,4,"Mac13,2",high,2409669015.0,0.793700583,3.404439768,351018853.0,0.170067416,0.049620011,351600
43,5,"Mac13,2",high,2344074255.0,0.77209525,3.291118289,364595049.0,0.176645208,0.051374895,342440
43,6,"Mac13,2",high,2508048933.0,0.826104958,3.541266365,328038530.0,0.158934333,0.045705264,358350
43,7,"Mac13,2",high,2447836865.0,0.806272458,3.444692918,350845224.0,0.169983833,0.049623717,352768
43,8,"Mac13,2",high,2397019082.0,0.789542041,3.369764645,351805985.0,0.170468916,0.049544309,340960
43,9,"Mac13,2",high,2402808026.0,0.791440666,3.38280294,352956370.0,0.171022416,0.049865062,350600
43,10,"Mac13,2",high,2426265194.0,0.799170291,3.422576204,357038902.0,0.172984416,0.050428964,351278
43,11,"Mac13,2",high,2422841184.0,0.7980395,3.414703852,355159630.0,0.17207475,0.050188379,350006
43,12,"Mac13,2",high,2430438402.0,0.800541375,3.384311867,354573941.0,0.171790375,0.049827255,346130
43,13,"Mac13,2",high,2445753406.0,0.805586666,3.36683911,360519045.0,0.174670458,0.050694469,345352
43,14,"Mac13,2",high,2398559803.0,0.790048333,3.350292428,370602626.0,0.17955675,0.05207111,346256
43,15,"Mac13,2",high,2459296470.0,0.810047041,3.465815851,357674747.0,0.173292333,0.050551561,353144
43,16,"Mac13,2",high,2391352577.0,0.7876675,3.374981779,350732450.0,0.169928916,0.049493177,346264
43,17,"Mac13,2",high,2429932891.0,0.800375875,3.409759055,350536783.0,0.169834375,0.049492841,351900
43,18,"Mac13,2",high,2431107475.0,0.800761875,3.418946472,357820241.0,0.173362541,0.050510829,350950
43,19,"Mac13,2",high,2392990829.0,0.788207541,3.368042275,371390545.0,0.179938208,0.052475438,346972
44,0,"Mac13,2",high,2550018306.0,0.8399335,3.589810221,416931544.0,0.202002958,0.058930612,374530
44,1,"Mac13,2",high,2566096557.0,0.845224583,3.6261804,391139596.0,0.189506458,0.055214839,362978
44,2,"Mac13,2",high,2582044716.0,0.850478,3.634698024,391725617.0,0.189790208,0.055346082,363308
44,3,"Mac13,2",high,2599165440.0,0.856117791,3.654535456,392494425.0,0.190161791,0.055443713,379362
44,4,"Mac13,2",high,2640228971.0,0.869649291,3.717996339,372206512.0,0.180333291,0.05263568,369206
44,5,"Mac13,2",high,2641310388.0,0.869999125,3.717202973,373792397.0,0.181101541,0.05277949,370118
44,6,"Mac13,2",high,2596093263.0,0.855109166,3.649386211,387092057.0,0.187545541,0.055348993,369178
44,7,"Mac13,2",high,2569147973.0,0.846233833,3.604180549,391281706.0,0.189574333,0.055319989,367622
44,8,"Mac13,2",high,2602999679.0,0.857379916,3.670575897,389464758.0,0.188694291,0.055040303,384850
44,9,"Mac13,2",high,2702712960.0,0.890223791,3.812630814,350766303.0,0.169945083,0.049537348,377482
44,10,"Mac13,2",high,2598822535.0,0.856003583,3.667512899,391732112.0,0.18979325,0.055346524,380140
44,11,"Mac13,2",high,2557131490.0,0.842272333,3.589810643,401060285.0,0.194313291,0.056614543,363490
44,12,"Mac13,2",high,2546370899.0,0.838727791,3.546373879,391446379.0,0.189654958,0.055001111,361400
44,13,"Mac13,2",high,2524484782.0,0.831519,3.492869551,411125869.0,0.1991895,0.057660402,361146
44,14,"Mac13,2",high,2559957089.0,0.84320325,3.579725839,400705127.0,0.194141208,0.056327511,360678
44,15,"Mac13,2",high,2577990437.0,0.849152541,3.633776657,392160039.0,0.190000916,0.05535022,366758
44,16,"Mac13,2",high,2572166144.0,0.847224041,3.629431865,395024599.0,0.191388208,0.05573081,370116
44,17,"Mac13,2",high,2599245895.0,0.8561445,3.650570029,372553731.0,0.180516083,0.052547855,363284
44,18,"Mac13,2",high,2623033712.0,0.863982166,3.68990775,373477309.0,0.180949125,0.052694113,377948
44,19,"Mac13,2",high,2580610428.0,0.850005708,3.639821617,391807695.0,0.189829666,0.055363387,369588
45,0,"Mac13,2",high,2553201574.0,0.840977416,3.596581024,336063368.0,0.162821958,0.047430654,368700
45,1,"Mac13,2",high,2532977299.0,0.834319708,3.555307393,370748198.0,0.179626791,0.052415889,376384
45,2,"Mac13,2",high,2512034151.0,0.827417875,3.543189173,369566839.0,0.179053833,0.05224252,372650
45,3,"Mac13,2",high,2483926872.0,0.818160291,3.491251658,387689784.0,0.187835041,0.054734613,359484
45,4,"Mac13,2",high,2513960739.0,0.828055833,3.543788119,388719056.0,0.188333625,0.054875142,370480
45,5,"Mac13,2",high,2554403195.0,0.841372791,3.604597657,349896624.0,0.16952425,0.049323807,374352
45,6,"Mac13,2",high,2418433486.0,0.796588,3.396626977,411368056.0,0.199345625,0.058091944,351132
45,7,"Mac13,2",high,2530116409.0,0.833373833,3.562233217,383782003.0,0.185941875,0.054112932,363010
45,8,"Mac13,2",high,2442531630.0,0.804525458,3.430175313,402449507.0,0.19498575,0.056842462,353792
45,9,"Mac13,2",high,2521031320.0,0.830381708,3.549461779,357326253.0,0.173123,0.050437518,368708
45,10,"Mac13,2",high,2517602112.0,0.829251958,3.55238064,371937983.0,0.180202833,0.052444044,360836
45,11,"Mac13,2",high,2528819497.0,0.832947458,3.549473297,369803299.0,0.179168625,0.05215564,372740
45,12,"Mac13,2",high,2534498063.0,0.83482075,3.533210807,340805547.0,0.165119375,0.047850808,356076
45,13,"Mac13,2",high,2509782855.0,0.826680375,3.481868606,395162359.0,0.191454833,0.055422585,354806
45,14,"Mac13,2",high,2470277510.0,0.813664666,3.432578889,391233072.0,0.189551541,0.055012469,353132
45,15,"Mac13,2",high,2448700872.0,0.806556833,3.451701713,412047986.0,0.199635291,0.058119052,353600
45,16,"Mac13,2",high,2569105425.0,0.846216541,3.613609752,335870077.0,0.162728625,0.047433815,360860
45,17,"Mac13,2",high,2547594699.0,0.839130708,3.600660738,350910962.0,0.170015458,0.049554366,377106
45,18,"Mac13,2",high,2448349841.0,0.806442083,3.438250982,392111611.0,0.189976291,0.055330305,357836
45,19,"Mac13,2",high,2525259193.0,0.831773625,3.571451309,371864568.0,0.180167541,0.052603236,359042
46,0,"Mac13,2",high,2618465510.0,0.862474625,3.681994225,357137091.0,0.1730325,0.050450196,374908
46,1,"Mac13,2",high,2507035620.0,0.825783416,3.527912898,412182036.0,0.199702125,0.058229047,362924
46,2,"Mac13,2",high,2574356243.0,0.847945333,3.64021554,357623082.0,0.1732675,0.050467625,369338
46,3,"Mac13,2",high,2548314807.0,0.839368208,3.580245871,411248454.0,0.199248916,0.058101805,363574
46,4,"Mac13,2",high,2518261870.0,0.829474583,3.537030949,384746855.0,0.186409083,0.054323157,364460
46,5,"Mac13,2",high,2569589234.0,0.846379041,3.60337061,361080118.0,0.174942125,0.05097658,368354
46,6,"Mac13,2",high,2555963141.0,0.841891833,3.59019895,387097985.0,0.187548041,0.054726042,375366
46,7,"Mac13,2",high,2582195396.0,0.850528041,3.636445937,368436178.0,0.178506875,0.05196755,377658
46,8,"Mac13,2",high,2536007131.0,0.8353145,3.564373043,375662420.0,0.182007416,0.053113873,361964
46,9,"Mac13,2",high,2577024271.0,0.848823916,3.638506107,365688433.0,0.177174625,0.051693503,373994
46,10,"Mac13,2",high,2502772046.0,0.824367208,3.53077688,409906629.0,0.198598708,0.057963271,360356
46,11,"Mac13,2",high,2576054970.0,0.84850525,3.621548005,372923001.0,0.180679375,0.052691343,370016
46,12,"Mac13,2",high,2592032216.0,0.8537685,3.599799301,373601187.0,0.181008583,0.05263177,378378
46,13,"Mac13,2",high,2660798770.0,0.876418166,3.705756856,347288019.0,0.168260375,0.048745395,378376
46,14,"Mac13,2",high,2612431301.0,0.86048675,3.651057258,370980747.0,0.1797395,0.051795849,381888
46,15,"Mac13,2",high,2508814911.0,0.826357166,3.536946993,390058465.0,0.18898225,0.055111835,373524
46,16,"Mac13,2",high,2581412326.0,0.850269375,3.647642303,371593994.0,0.180036083,0.052546844,380700
46,17,"Mac13,2",high,2503004815.0,0.82444375,3.529878829,411394629.0,0.199319375,0.058071191,360702
46,18,"Mac13,2",high,2562835557.0,0.844151416,3.601719907,383285574.0,0.185701,0.054083753,367826
46,19,"Mac13,2",high,2591853790.0,0.853709125,3.654847935,371771963.0,0.180122375,0.052585072,384700
47,0,"Mac13,2",high,2455132112.0,0.808675916,3.448120641,378512491.0,0.183388375,0.053259151,353540
47,1,"Mac13,2",high,2507468443.0,0.825914375,3.529870502,353573117.0,0.171305583,0.04990271,355442
47,2,"Mac13,2",high,2437203421.0,0.802769916,3.442973545,401978130.0,0.194757166,0.05679202,352154
47,3,"Mac13,2",high,2445000178.0,0.805338125,3.452133998,386037896.0,0.187033958,0.054575568,353042
47,4,"Mac13,2",high,2437851214.0,0.802983416,3.438224157,389402663.0,0.188664375,0.054984057,352268
47,5,"Mac13,2",high,2525004424.0,0.831689791,3.553340065,365115448.0,0.176897708,0.05158434,358664
47,6,"Mac13,2",high,2453993305.0,0.808300458,3.456730895,364076433.0,0.176394333,0.051316069,354948
47,7,"Mac13,2",high,2498587542.0,0.822991875,3.53169694,343712152.0,0.166528,0.048558575,358588
47,8,"Mac13,2",high,2479152120.0,0.816587625,3.481628362,380234634.0,0.1842225,0.053646276,363856
47,9,"Mac13,2",high,2555772151.0,0.8418245,3.602174159,358417931.0,0.17365225,0.050699494,359128
47,10,"Mac13,2",high,2505713621.0,0.825336083,3.526825865,379302234.0,0.183771041,0.053573149,363698
47,11,"Mac13,2",high,2548172287.0,0.839321291,3.587183968,338847967.0,0.164171,0.047858663,358864
47,12,"Mac13,2",high,2495274220.0,0.8218975,3.475359748,359823601.0,0.174334083,0.05067273,355812
47,13,"Mac13,2",high,2409787943.0,0.793740375,3.337445662,362761934.0,0.17575725,0.050829187,332810
47,14,"Mac13,2",high,2494943516.0,0.821788666,3.491882389,375930560.0,0.182137625,0.053230816,356408
47,15,"Mac13,2",high,2571765551.0,0.8470925,3.621270568,333646505.0,0.161651083,0.047116012,363684
47,16,"Mac13,2",high,2463591705.0,0.811462291,3.456865774,351302989.0,0.170204833,0.049580173,354120
47,17,"Mac13,2",high,2524499339.0,0.831523708,3.560028943,333328041.0,0.161496291,0.047015863,358334
47,18,"Mac13,2",high,2518242623.0,0.829463125,3.545224372,356898206.0,0.172916625,0.050394379,356810
47,19,"Mac13,2",high,2508629740.0,0.82629725,3.52200785,372217889.0,0.180338208,0.052610988,357140
48,0,"Mac13,2",high,2537561541.0,0.835826791,3.569562277,411781876.0,0.199507625,0.058446796,369406
48,1,"Mac13,2",high,2565847340.0,0.845147041,3.602921266,392191823.0,0.190016458,0.055497214,377898
48,2,"Mac13,2",high,2574274927.0,0.847925041,3.624260669,392137495.0,0.189990708,0.055478409,371982
48,3,"Mac13,2",high,2584096230.0,0.851154041,3.641965764,395727959.0,0.191728875,0.055977863,381610
48,4,"Mac13,2",high,2531269817.0,0.833754208,3.553697158,391494451.0,0.189702083,0.05528056,360442
48,5,"Mac13,2",high,2526587308.0,0.832221666,3.566129769,406160417.0,0.196783583,0.057465348,374870
48,6,"Mac13,2",high,2496477224.0,0.822294,3.514863912,432469841.0,0.20953075,0.061099854,361916
48,7,"Mac13,2",high,2583709376.0,0.851027875,3.643154914,387131475.0,0.187563791,0.05471745,376328
48,8,"Mac13,2",high,2571856615.0,0.847122916,3.613242925,370871558.0,0.179685875,0.052451749,370814
48,9,"Mac13,2",high,2561117422.0,0.843585458,3.599460148,394258198.0,0.191017208,0.055672994,378902
48,10,"Mac13,2",high,2577247349.0,0.848900875,3.623363791,395290302.0,0.191516916,0.055822226,375712
48,11,"Mac13,2",high,2589297889.0,0.85286675,3.657122796,391511417.0,0.189686125,0.055376138,382360
48,12,"Mac13,2",high,2567389187.0,0.845651,3.592969761,391830851.0,0.189840625,0.055102234,364126
48,13,"Mac13,2",high,2592884475.0,0.854048375,3.614557011,371234604.0,0.179862166,0.052223144,381362
48,14,"Mac13,2",high,2566317909.0,0.8453015,3.5883523,378869887.0,0.183561166,0.053289539,361022
48,15,"Mac13,2",high,2565873051.0,0.845151458,3.61443685,392296239.0,0.190066916,0.055464904,363436
48,16,"Mac13,2",high,2593842533.0,0.854364375,3.64813756,387558408.0,0.187770833,0.054790285,366418
48,17,"Mac13,2",high,2605194303.0,0.85810275,3.674505999,371221112.0,0.179855916,0.052573172,382368
48,18,"Mac13,2",high,2624178046.0,0.864356375,3.700383158,371228493.0,0.179859166,0.052530336,385888
48,19,"Mac13,2",high,2550084152.0,0.839961875,3.588847476,378534679.0,0.183399208,0.053429966,365688
49,0,"Mac13,2",high,2564279640.0,0.844630333,3.609252364,391542611.0,0.189701041,0.055406075,365684
49,1,"Mac13,2",high,2571306948.0,0.846942208,3.614767651,395608379.0,0.191671708,0.055867807,367974
49,2,"Mac13,2",high,2551734413.0,0.840494625,3.587989007,392094579.0,0.18996875,0.055421584,372800
49,3,"Mac13,2",high,2522477612.0,0.830857791,3.556687196,424064455.0,0.20545875,0.059881572,362394
49,4,"Mac13,2",high,2601832738.0,0.857004791,3.653021174,370733156.0,0.179619583,0.052380432,383318
49,5,"Mac13,2",high,2653577888.0,0.874047958,3.740282411,351137718.0,0.170125333,0.049702724,375542
49,6,"Mac13,2",high,2569365937.0,0.846302291,3.613600582,387424873.0,0.187705916,0.054743859,371914
49,7,"Mac13,2",high,2613002906.0,0.860675291,3.675706055,390839874.0,0.189360208,0.055249803,373190
49,8,"Mac13,2",high,2538632888.0,0.836183,3.573911798,379325796.0,0.183782791,0.053516719,362930
49,9,"Mac13,2",high,2570793079.0,0.846771791,3.627714321,412131660.0,0.199677583,0.058307318,366838
49,10,"Mac13,2",high,2651120501.0,0.873229916,3.738339037,371164486.0,0.179828291,0.052517467,382426
49,11,"Mac13,2",high,2590814885.0,0.853366916,3.643996217,403723704.0,0.195603125,0.057139425,367766
49,12,"Mac13,2",high,2527314987.0,0.832451375,3.524591066,415602032.0,0.201358458,0.058514195,368432
49,13,"Mac13,2",high,2609067533.0,0.8593875,3.614246909,371202523.0,0.17984625,0.052184506,362818
49,14,"Mac13,2",high,2523885508.0,0.831324125,3.542209824,409518739.0,0.198411083,0.057727067,376186
49,15,"Mac13,2",high,2586000514.0,0.851781166,3.640243854,407860981.0,0.197607083,0.055396192,383476
49,16,"Mac13,2",high,2551932558.0,0.840559666,3.592555515,392085908.0,0.189964666,0.055324172,381830
49,17,"Mac13,2",high,2515648804.0,0.828608666,3.548241285,415669627.0,0.201391041,0.058718094,364016
49,18,"Mac13,2",high,2629162158.0,0.866006458,3.693433411,384513828.0,0.186295875,0.054377522,374446
49,19,"Mac13,2",high,2579281364.0,0.849567833,3.640438948,412834809.0,0.200017208,0.058413408,378204
